gauge_id,p_mean,pet_mean,aridity,p_seasonality,frac_snow_daily,high_prec_freq,high_prec_dur,high_prec_timing,low_prec_freq,low_prec_dur,low_prec_timing
0,2.1122029622395835,0.06943392008543015,0.03289777537186941,,0.27706456184387207,12.120772946859903,0.8393719806763285,JJA,205.30917874396138,7.123993558776168,MAM
19008,1.2153922021389008,0.1113343657925725,0.09165724087506533,,0.319329384714365,20.081521739130434,0.5775966183574879,SON,270.93297101449275,11.341032608695652,MAM
19127,1.1563595086336136,0.10631873738020658,0.0919679393991828,,0.36260704323649406,19.297101449275363,0.5434782608695652,JJA,272.8278985507246,11.959390096618359,MAM
19143,1.0595492720603943,0.11179416254162788,0.10551418736577034,,0.3655383288860321,20.07971014492754,0.5078502415458938,JJA,278.6811594202899,12.425120772946858,DJF
70002,2.041892422948565,0.04485052138001525,0.021976902881371125,,0.2875631238733019,11.934989648033126,0.8025534851621808,JJA,207.87950310559006,7.239371980676328,MAM
70004,2.0255088928418283,0.033562718954785034,0.016469492425527185,,0.2899611527339006,11.945187662578968,0.7814164498947107,JJA,208.0938312894835,7.222965440356743,MAM
70027,2.062655448913574,0.037691300650799855,0.018354225240828883,,0.2926110774278641,11.454911433172303,0.7893183038110574,JJA,204.60628019323673,7.088231347289319,MAM
70031,1.964411549270153,0.008766053088038461,0.004367515222838847,,0.2943104300647974,12.375,0.7432820048309179,JJA,211.5769927536232,7.33106884057971,MAM
70066,1.9733051120324128,0.04205577283546626,0.021176231281668997,,0.32094781755996277,11.619128466327108,0.7325730173962255,JJA,207.12460323318817,7.086089171034178,MAM
70091,2.073404289863922,0.06378652053056183,0.030802459230871646,,0.2848467640169374,11.8659022137283,0.8174337739555133,JJA,206.58432871476347,7.142551892551892,MAM
70098,2.064785216205804,0.06217734948118297,0.03013213649536519,,0.2883018807385319,11.83485001685204,0.8012957345616598,JJA,206.34243343444555,7.119724375538328,MAM
70118,2.0939635313474216,0.05733504891395569,0.027487561823083803,,0.2958436401990744,11.730211817168339,0.8432738758825716,JJA,203.49498327759196,7.0807320698625045,MAM
70152,2.04735830783844,0.06148523144423962,0.030042646396905185,,0.29581717371940613,11.786666666666665,0.7741545893719807,JJA,206.44579710144927,7.090338164251206,MAM
70153,2.0272411316633225,0.05055206079268828,0.02486038267525146,,0.297310097515583,11.880434782608694,0.7627113526570047,JJA,206.95253623188404,7.107759661835749,MAM
70167,2.000268724229601,0.050417633442622095,0.025208867035366386,,0.30856594608889687,12.03059581320451,0.7622785829307569,JJA,206.9782608695652,7.152710681696188,MAM
70169,1.9878530133338201,0.04659017279101092,0.023436724162560756,,0.31343209672541844,11.830917874396135,0.7481884057971013,JJA,206.7815734989648,7.121261789740051,MAM
70176,1.9500423158918108,0.04348465466007058,0.02231467194256506,,0.362577674644334,11.406832298136646,0.7173913043478262,JJA,204.52691511387164,6.981280193236715,MAM
70180,1.9584512727128134,0.03574050920077651,0.018307925127576,,0.3437509776817428,11.526167471819646,0.721886741814278,JJA,205.4440418679549,6.977908615136877,MAM
70200,1.9269928475811142,0.03376837736595016,0.017530417537567185,,0.3408970302677784,11.470894915578516,0.6996540233733518,JJA,207.3631319653704,7.062654453851183,MAM
70212,1.9460346373644741,0.01400922261051495,0.007167988382703202,,0.3528255373239517,11.327404479578393,0.7154150197628458,JJA,205.9736495388669,7.027228809837505,MAM
70213,1.967712938785553,0.018268416880164295,0.009225139673799277,,0.35991636514663694,11.126086956521739,0.7243961352657006,JJA,204.4521739130435,6.981763285024155,MAM
70215,1.9477760642766953,0.03954011005407665,0.020281019340472994,,0.331687668338418,11.138586956521738,0.6976902173913044,JJA,205.39039855072463,6.9711654589371985,MAM
70217,2.001768324110243,0.03999753711589923,0.019987801594349246,,0.3204217089547051,12.23510466988728,0.7612721417069243,JJA,206.4830917874396,7.144524959742351,MAM
70221,1.9837325770279457,0.03386347826795075,0.01695246547299983,,0.32357507224740656,11.81409295352324,0.7435032483758119,JJA,205.8925537231384,7.057221389305347,MAM
70238,1.8902056836164915,0.024288906337460503,0.01286857520216682,,0.35972709036790407,11.507246376811594,0.6695466369379413,JJA,207.96265328874026,7.112783351913786,MAM
70246,1.9174866080284119,0.012147823552368209,0.006319662997460303,,0.3551882306734721,11.384057971014492,0.6960547504025764,JJA,206.30555555555554,7.073168276972624,MAM
70250,1.9032741785049438,0.017529687245509455,0.009162964407421117,,0.34010977830205646,11.462732919254659,0.6878019323671497,JJA,210.28364389233954,7.2143719806763285,MAM
70252,1.9434075355529785,0.007926658449622873,0.004096314266252403,,0.3232727967775785,11.025641025641024,0.6996469713861019,JJA,206.48160535117057,7.06298773690078,MAM
70275,2.010107068454518,0.05731435018413536,0.02858685828601558,,0.2934771381756839,11.83546462063086,0.770815572605854,JJA,206.8823529411765,7.152458084683148,MAM
70284,1.9829518610033496,0.03296293995487664,0.016486139057288428,,0.29679250357479886,11.840829585207397,0.7466266866566716,JJA,207.78673163418293,7.125333166749957,MAM
70293,2.0317426323890686,0.043572857578207426,0.021479159918574926,,0.2960090984900792,11.72705314009662,0.7875402576489533,JJA,205.6159420289855,7.101449275362319,MAM
70298,1.9624899758232965,0.009439245015124066,0.004816468016037511,,0.30532775984870064,11.909822866344605,0.729602791196994,JJA,207.5595813204509,7.035560923242083,MAM
70311,1.8747064238009246,0.042523188152067036,0.02272431325653325,,0.29307489550631977,12.536862003780717,0.6969649233354337,JJA,214.94454946439825,7.413306028145349,MAM
70331,1.9400836477677028,0.022485629546281416,0.011510777665534988,,0.3312099302808444,11.57276570048309,0.6889845008051529,JJA,207.46890096618358,7.073822463768117,MAM
70334,1.9172960935382668,0.027797637805299952,0.014585693166035852,,0.3276026615309059,11.861720515888846,0.6852036519966317,JJA,208.74205557771575,7.093715374728538,MAM
70374,1.7567221149802208,0.056444580433890224,0.03213867626618594,,0.3332554940134287,12.811594202898549,0.6262832125603864,JJA,218.99003623188406,7.545516304347826,MAM
70378,1.9944670379161835,0.05325211980380118,0.026696965983137488,,0.3766703873872757,10.810869565217391,0.7054347826086957,JJA,201.34202898550723,6.929045893719807,MAM
70382,1.9544581987641074,0.05227743124388243,0.026732303681042555,,0.3596422570672902,11.05467720685112,0.6865667545015371,JJA,204.91534914361,7.006834650856391,MAM
70394,1.904174528623882,0.02938308172834743,0.015428595970948472,,0.33265630351869685,11.276887871853546,0.6610094075769134,JJA,209.14416475972538,7.131070429697432,MAM
70396,1.9131985477038793,0.03177670323722331,0.01657758328136489,,0.3368110401289804,11.486542443064183,0.661814182194617,JJA,207.79063146997927,7.008712905452036,MAM
70399,1.8561356984652007,0.013027197350031482,0.007075506553519517,,0.3676581382751465,10.87179487179487,0.6168710516536604,JJA,205.93534002229654,6.96311780007432,DJF
70401,1.8196084122908742,0.0251603646626647,0.014014847538323681,,0.3550000802466744,11.395118230358506,0.6158466819221967,JJA,209.4698703279939,7.081744215611491,MAM
70403,1.8478692471981049,0.04536332911811769,0.024569845059886575,,0.3855268470942974,10.68659420289855,0.6094504830917875,JJA,206.18840579710147,7.043176328502415,DJF
70410,2.456057643890381,0.05489266559481621,0.02225247910246253,,0.38468199014663695,9.68231884057971,0.9541062801932366,JJA,177.72753623188405,6.250869565217393,MAM
70414,2.2775941717624666,0.04650221738149412,0.020015115325222724,,0.38530557096004486,10.44231884057971,0.8736111111111111,JJA,187.666231884058,6.531026570048309,MAM
70421,2.2590820181001092,0.046327514347701916,0.020635979760740643,,0.39744031137412356,10.41954280591663,0.8622628118930226,JJA,189.04459883460333,6.54556377309627,MAM
70444,2.3887208998203278,0.05427245830651373,0.0227840191219002,,0.4178676260635257,10.033967391304348,0.9263285024154589,JJA,181.8455615942029,6.401343599033817,MAM
70458,1.9167279980399392,0.05565801974047314,0.029105439443479885,,0.3850197981704365,11.15810276679842,0.6627140974967062,JJA,203.57971014492753,6.83080808080808,MAM
70468,2.47909814119339,0.03966445700429818,0.017196352319682345,,0.46221790331251483,10.124467178175617,1.0310812730889458,JJA,182.49786871270248,6.4255115089514065,DJF
70494,1.667575716972351,0.039765803350342646,0.023848083077205554,,0.4609149330192142,11.418679549114334,0.5187869028448738,JJA,217.12882447665055,7.4770531400966185,MAM
70499,1.5854111313819885,0.03709652109278573,0.023395935383935768,,0.4699207908577389,11.520933977455716,0.4626274825550188,JJA,222.79710144927537,7.738996242619431,MAM
70505,1.5727541276386805,0.03829414610351835,0.024353418765323504,,0.43809041593755993,11.811594202898549,0.4807625948930297,JJA,223.583850931677,7.732832988267772,DJF
70509,1.865494798530232,0.037333862176059156,0.020044598903041333,,0.35817319832064887,11.230895915678524,0.6465469916556873,JJA,207.86660079051381,7.033734079929732,MAM
70512,1.8381918384068048,0.03762542191065792,0.020468403553979386,,0.3575873125844927,11.426130218472853,0.6327420866681087,JJA,209.81721825654338,7.093662124161799,MAM
70522,1.85790569965656,0.04565606341482355,0.02467228977296215,,0.3581852867053105,11.276477146042366,0.6427907840951319,JJA,209.07580824972132,7.0916945373467115,MAM
70531,1.778550632794698,0.027941664308309556,0.015502371328572432,,0.3664680659770966,11.836714975845409,0.609098228663446,JJA,211.51111111111112,7.207971014492754,DJF
70533,1.7399061611204436,0.027138320810274418,0.0157378086428666,,0.37805515843810455,11.561923583662715,0.5794539598887425,JJA,213.3098375054897,7.229523495827845,DJF
70540,1.6676983175606563,0.04474156568276471,0.026918591674545717,,0.40927363366916264,11.617191404297852,0.5446859903381642,JJA,216.88055972013993,7.50928702315509,DJF
70801,1.9601650339678713,0.039535586526372325,0.020078287658735032,,0.3164571233172166,11.791456903127383,0.7266031019577931,JJA,208.15966437833714,7.123985507246377,MAM
70827,1.9134297071782267,0.04242241816674054,0.022576735476699597,,0.39938990792031637,11.189409003779938,0.6711766181186292,JJA,205.62103867720037,7.0381517111242475,DJF
70842,1.9635603161234605,0.02973509007776891,0.015103836009649584,,0.2924172203791769,12.149313501144164,0.7439851894228324,JJA,210.81750572082376,7.302647470124586,MAM
70844,1.9248797668189537,0.03876671542785494,0.02015633168012733,,0.352358081173606,11.15694591728526,0.6645384116884647,JJA,205.76095793566628,6.9624867444326615,MAM
70850,1.9842872034174561,0.04353835666458151,0.022369261078953272,,0.40149178484722564,11.020907962819884,0.7081957809463605,JJA,202.10482077216642,6.921002005728422,MAM
71186,1.7244652417989879,0.04168709471391944,0.024027568395607747,,0.3586187018797948,13.130434782608697,0.6424656261612783,JJA,223.4654403567447,7.975055741360089,MAM
72043,2.011409670114517,0.07095644995570183,0.035279374569654465,,0.20444993302226067,12.043478260869565,0.7798913043478262,JJA,212.41304347826087,7.497282608695652,MAM
72156,2.2648811851228987,0.06650822450007711,0.029385283589363098,,0.24792079201766423,10.801242236024844,0.9107142857142857,JJA,197.3136645962733,6.950310559006211,MAM
72459,2.0861652273880806,0.072482168674469,0.03476153765069811,,0.19398617822872966,12.832189168573608,0.8682303585049581,JJA,210.9572845156369,7.460017798118484,MAM
72552,2.088202118873596,0.06262733228504658,0.029990484938025475,,0.2056431844830513,12.028985507246377,0.8230676328502415,JJA,208.268115942029,7.465579710144928,MAM
72566,2.038353353738785,0.07097259163856506,0.034821909852325916,,0.19426055997610092,12.431159420289854,0.813707729468599,JJA,213.8677536231884,7.660477053140097,MAM
73108,2.2476823329925537,0.07077131047844887,0.031507646664977074,,0.23418574035167694,10.938405797101451,0.9139492753623188,JJA,199.16304347826085,7.11201690821256,MAM
73110,2.195533377783639,0.07227760127612523,0.03294843461896692,,0.21820462424130666,11.850586611456176,0.9237692661605705,JJA,204.3533471359558,7.2577352196917415,MAM
73190,2.1779099772958195,0.07245132721522275,0.03327397125608781,,0.21984309746938593,11.895140664961637,0.9219238420005684,JJA,205.26683716965047,7.294828076158001,MAM
73196,2.175573170185089,0.07212849520146847,0.03315460775047541,,0.22262151539325714,11.956521739130434,0.9224033816425121,JJA,206.16304347826087,7.332729468599034,MAM
73215,2.138255755106608,0.0472104586660862,0.022145910343776148,,0.20772352566321692,13.014492753623188,0.9337761674718198,JJA,211.1594202898551,7.557165861513688,SON
74317,1.9976361770378916,0.07602801399403497,0.03809698906384016,,0.23304292745888233,14.092295957284517,0.8901125095347064,JJA,220.84057971014494,8.071820175438596,SON
75006,2.1143687615791955,0.07130903999010722,0.03378492209594697,,0.22771011820683876,12.141304347826086,0.8712510064412237,JJA,207.36080917874395,7.38906501610306,MAM
75033,2.0856783390045166,0.07324139773845673,0.03511660918593407,,0.22362791001796722,13.10144927536232,0.8635265700483091,JJA,212.09420289855072,7.4897342995169085,SON
75058,2.0475027402242025,0.07132802456617356,0.03486389170090357,,0.2267458627621333,12.7487922705314,0.8377616747181964,JJA,211.54202898550727,7.420289855072465,MAM
75074,2.0409902334213257,0.07402700930833817,0.0362724494189024,,0.22997821122407913,13.03623188405797,0.8514492753623188,JJA,212.92753623188406,7.466183574879228,MAM
75079,2.0524600744247437,0.07414220832288265,0.03612598590552807,,0.24355699867010117,12.829710144927535,0.8517512077294687,JJA,210.6413043478261,7.37530193236715,MAM
75106,2.029550552368164,0.06990361213684082,0.034448663145303725,,0.24628345370292665,13.142028985507244,0.8367149758454107,JJA,214.1391304347826,7.528985507246377,MAM
75108,2.063551425933838,0.07297871261835098,0.03536558896303177,,0.24818560481071472,12.797101449275363,0.8454106280193237,JJA,210.7246376811594,7.3393719806763285,MAM
75110,2.0290777683258057,0.07111478596925735,0.03504783660173416,,0.24670793116092682,12.869565217391305,0.8260869565217391,JJA,211.85507246376812,7.4106280193236715,MAM
75111,1.9899251461029053,0.07181721180677414,0.03609040752053261,,0.24576380848884583,13.217391304347826,0.8007246376811594,JJA,214.5072463768116,7.342995169082125,MAM
75119,2.019895553588867,0.06944656372070312,0.034381262958049774,,0.24804849922657013,12.492753623188406,0.7910628019323671,JJA,210.82608695652175,7.305555555555555,MAM
75121,2.0275449752807617,0.07021244615316391,0.03462929278612137,,0.2358352541923523,12.840579710144928,0.8152173913043478,JJA,212.31884057971016,7.394927536231884,MAM
75150,2.1562350591023765,0.06628946835796039,0.03077216198047002,,0.24774347990751266,11.0,0.8272946859903382,JJA,200.7246376811594,6.9849033816425115,MAM
75151,2.149502908482271,0.06647277009837768,0.03096508059431525,,0.24726730760406046,11.178175618073316,0.8334754191531684,JJA,201.70843989769824,7.035095197499289,MAM
75156,2.2566044330596924,0.06752341613173485,0.029922686517238617,,0.24580663442611694,10.557971014492754,0.8979468599033816,JJA,195.57971014492756,6.844202898550725,MAM
75168,2.1465801852090016,0.06234429031610489,0.029082840840731348,,0.27861022097723825,10.660455486542443,0.8297101449275363,JJA,200.1863354037267,6.998792270531401,MAM
75176,2.0942265033721923,0.06430819183588028,0.03074512630701065,,0.2667434990406036,11.260869565217392,0.8048309178743962,JJA,204.41739130434783,7.1384057971014485,MAM
75190,1.9899047215779622,0.06681311751405399,0.03358250545958678,,0.2610199997822444,12.004830917874395,0.7570450885668277,JJA,211.29951690821258,7.323671497584541,MAM
75200,2.0965281327565513,0.06737500180800755,0.03214337800939878,,0.26952330271402997,11.91304347826087,0.82085346215781,JJA,207.13526570048307,7.178341384863124,MAM
75201,2.127567768096924,0.06702027469873428,0.031500887125730515,,0.2655654847621918,11.652173913043478,0.8103864734299517,JJA,205.46376811594203,7.13768115942029,MAM
75202,2.0704813798268638,0.06682080030441284,0.03229685934881369,,0.26626760760943097,11.980676328502414,0.8047504025764894,JJA,207.83091787439614,7.205314009661836,MAM
75208,2.0272120237350464,0.06402998151523727,0.03164378181099892,,0.267534715788705,11.784679089026914,0.7665631469979297,JJA,207.5424430641822,7.15855762594893,MAM
75209,2.2424596548080444,0.013081896031508222,0.005739344844187144,,0.2967328652739525,10.760869565217392,0.8849637681159421,JJA,197.8514492753623,6.969504830917875,MAM
75210,2.1811792453130088,0.019651268599166844,0.008966484301102659,,0.2884088431795438,11.266908212560386,0.871376811594203,JJA,202.29468599033817,7.078804347826087,MAM
75211,2.128491163253784,0.026983095429992925,0.012555602433470389,,0.2857572336991628,11.429951690821255,0.8578904991948471,JJA,205.24637681159422,7.178743961352658,MAM
75219,2.02245831489563,0.07236003130674362,0.03577825427055359,,0.2517409026622772,12.768115942028986,0.8055555555555556,JJA,213.34782608695653,7.357487922705314,MAM
75221,2.101392984390259,0.0706205815076828,0.03360654041171074,,0.26495370268821716,11.956521739130435,0.8315217391304348,JJA,209.10869565217394,7.27475845410628,MAM
75222,2.028082489967346,0.07115267217159271,0.035083914175629616,,0.25666193664073944,12.77536231884058,0.8182367149758454,JJA,213.7536231884058,7.3725845410628015,MAM
75225,2.008244961500168,0.07242113972703616,0.03607974791278442,,0.25349392493565875,12.933574879227054,0.8227657004830918,JJA,214.25483091787441,7.415056360708534,MAM
75227,2.0384747982025146,0.06946375034749508,0.03407845087349415,,0.24966558441519737,12.826086956521738,0.8164251207729469,JJA,212.21014492753622,7.361413043478261,MAM
75236,2.072596788406372,0.07043932378292084,0.03398602455854416,,0.26480987668037415,12.681159420289855,0.8478260869565217,JJA,212.1014492753623,7.400966183574879,MAM
75238,2.08221435546875,0.06994099915027618,0.033589720726013184,,0.2766278386116028,11.869565217391305,0.822463768115942,JJA,207.9855072463768,7.257246376811594,MAM
75239,2.080467104911804,0.05894561670720577,0.02830864954739809,,0.2842317819595337,11.58695652173913,0.7814009661835748,JJA,204.66666666666666,7.036231884057971,MAM
75241,2.0778944388679834,0.04971684738436876,0.023945256548872945,,0.28283802970595984,11.970384373030875,0.8149548414198698,JJA,207.00063011972273,7.133585381222432,MAM
75254,2.084584951400757,0.07004303857684135,0.03360151685774326,,0.28223031759262085,12.471014492753623,0.8659420289855073,JJA,209.02173913043478,7.269927536231884,MAM
75259,2.0861236651738486,0.06988088910778363,0.03349901797870795,,0.2779735078414281,12.1256038647343,0.8387681159420289,JJA,208.03623188405797,7.207930756843801,MAM
75263,2.079040765762329,0.0712234117090702,0.034259721636772156,,0.2785891741514206,12.405797101449275,0.855072463768116,JJA,209.94202898550725,7.354468599033816,MAM
75266,1.9867432117462158,0.07182580232620239,0.03615253418684006,,0.26425907015800476,13.27536231884058,0.8381642512077294,JJA,216.5072463768116,7.653381642512077,MAM
75267,2.0084203481674194,0.07183495536446571,0.0357679259032011,,0.2698534429073334,13.057971014492754,0.8417874396135265,JJA,215.90579710144925,7.790458937198068,MAM
75273,2.0881861448287964,0.07150884717702866,0.03425351344048977,,0.2829570919275284,12.89855072463768,0.8786231884057971,JJA,211.02898550724638,7.416666666666666,MAM
75274,2.0584002335866294,0.07149660090605418,0.034738497187693916,,0.28353174527486164,13.02415458937198,0.8812399355877617,JJA,212.71980676328505,7.463768115942028,MAM
75280,2.048832893371582,0.07147046830505133,0.03489138651639223,,0.2826746292412281,13.057971014492754,0.8680555555555556,JJA,212.56340579710144,7.4038345410628015,MAM
75286,2.108002497090234,0.06097183200634188,0.028985214755973883,,0.29294896208577687,11.854669887278583,0.8263217928073001,JJA,205.94565217391303,7.125469672571122,MAM
75287,2.0985901185444424,0.06273861859171163,0.029975650322047017,,0.29073857906318845,12.000690131124914,0.8262594893029677,JJA,206.89613526570048,7.16813319530711,MAM
75289,2.0623403787612915,0.06893472000956535,0.03343164548277855,,0.29094206541776657,12.177536231884059,0.8203502415458938,JJA,208.34420289855072,7.223731884057972,MAM
75290,2.1183108488718667,0.04957689717411995,0.023486969371636707,,0.2950228651364644,12.183574879227052,0.8538647342995169,JJA,207.86473429951693,7.245571658615137,MAM
75291,2.112953543663025,0.05467399675399065,0.025956816039979458,,0.29394787549972534,12.271739130434783,0.8589975845410628,JJA,208.28623188405797,7.2644927536231885,MAM
75292,2.0804744561513266,0.069796788195769,0.03355002279082934,,0.28700917959213257,12.724637681159422,0.85829307568438,JJA,209.34299516908212,7.264090177133656,MAM
75293,2.0674790143966675,0.07071955734863877,0.03421283233910799,,0.28701339289546013,12.597826086956522,0.8470712560386473,JJA,210.03623188405797,7.311216787439614,MAM
75306,1.9401109218597412,0.08200670778751373,0.04226908087730408,,0.229672372341156,14.753623188405797,0.8828502415458938,JJA,227.0144927536232,8.631642512077295,SON
75309,1.9443144039674238,0.07989437674934213,0.041095562956549904,,0.22470129349014975,14.798418972332017,0.8741765480895917,JJA,225.7444005270092,8.450373298199384,SON
75311,1.962236457749417,0.07882558495590561,0.040182320597140414,,0.2297976146403112,14.543478260869566,0.8787503178235443,JJA,224.29519450800916,8.365528858377829,SON
75314,1.9944896317329728,0.0760429993021388,0.03816550666419398,,0.23025194023336684,14.148094020216783,0.8891020176186417,JJA,221.20009743027646,8.11231884057971,SON
75320,1.9818015944573186,0.07694044609635656,0.03889615782257599,,0.2348890878637815,14.123221799238628,0.8813085776620139,JJA,221.2061711079944,8.042431933035019,MAM
75326,1.924400921847243,0.08035111631332807,0.0419119607684519,,0.2483217223640759,14.47326459019879,0.8610609120867438,JJA,224.4914425427873,8.258214922693503,MAM
75332,1.957531452178955,0.07896580547094345,0.040339481085538864,,0.22301554679870605,15.144927536231885,0.8780193236714976,JJA,225.34782608695653,8.439613526570048,SON
75333,1.9550352096557617,0.07803520187735558,0.039918309077620506,,0.22268690913915634,14.478260869565217,0.873792270531401,JJA,223.7463768115942,8.282608695652174,SON
75336,1.963006854057312,0.07964406162500381,0.04057248309254646,,0.22616159915924072,14.18840579710145,0.8756038647342995,JJA,223.47826086956522,8.404589371980677,SON
75337,1.9409759640693665,0.08030526898801327,0.04137511923909187,,0.24444852769374847,14.594202898550725,0.8671497584541062,JJA,225.46014492753625,8.428743961352657,SON
75339,1.9619822246687753,0.07996840562139239,0.04076324908861092,,0.23727780793394362,14.561076604554865,0.878191856452726,JJA,224.28053830227742,8.400879917184266,SON
75343,1.9677810271581013,0.08163954069217046,0.041489707926909127,,0.2325880080461502,14.671497584541063,0.8969404186795491,JJA,224.9903381642512,8.51449275362319,SON
75348,1.991289536158244,0.07693652560313542,0.038639391462008156,,0.2223255733648936,14.429951690821255,0.8896940418679549,JJA,222.9565217391304,8.248389694041867,SON
75359,1.9599059945658635,0.07675684400294956,0.03917958607014857,,0.24643920283568532,14.405797101449275,0.8792270531400966,JJA,223.255530129672,8.239448258326977,MAM
75361,1.93863844871521,0.07656978070735931,0.03949667885899544,,0.2474050670862198,14.55072463768116,0.857487922705314,JJA,224.3913043478261,8.268115942028986,MAM
75367,2.030567467212677,0.07537945359945297,0.037127004005014896,,0.21852326020598412,13.920289855072465,0.9272342995169082,JJA,218.60507246376812,7.970108695652174,SON
75368,2.0049466133117675,0.07615414907534918,0.0379865787923336,,0.21883090138435363,14.142028985507247,0.9086151368760065,JJA,220.3584541062802,8.080273752012882,SON
75382,2.0473453926317617,0.07343813393152121,0.03587728750073549,,0.22662630406293002,13.58717610891524,0.8960254721124287,JJA,216.9727711901625,7.786195286195286,SON
75388,2.039007822672526,0.07459038744370143,0.036596098293860756,,0.2433136304219564,13.850241545893718,0.9045893719806762,JJA,218.43478260869566,7.928743961352658,MAM
75389,2.049118015501234,0.07493785520394643,0.036583974957466125,,0.24018784860769907,13.946859903381643,0.9096886741814276,JJA,218.40096618357487,7.835480407944177,DJF
75394,1.872375726699829,0.07886554176608722,0.042132722213864326,,0.2486006518205007,14.743961352657005,0.8518518518518517,JJA,227.0024154589372,8.258454106280192,MAM
75395,2.0694034099578857,0.07427609339356422,0.03589257039129734,,0.2326536551117897,13.0,0.8707729468599035,JJA,211.5,7.480072463768116,MAM
75415,2.042616605758667,0.07458662241697311,0.03651523217558861,,0.23522107303142548,13.217391304347826,0.8840579710144928,JJA,212.9855072463768,7.542270531400966,MAM
75427,2.0582400798797607,0.07608279287815094,0.03697470277547836,,0.2395106077194214,13.24927536231884,0.8787439613526569,JJA,212.58840579710144,7.463768115942029,MAM
75453,1.9259414672851562,0.07943819463253021,0.04124898463487625,,0.23543638736009598,14.108695652173914,0.8568840579710144,JJA,223.15217391304347,8.097826086956522,MAM
75469,1.8511258472095837,0.08082090521400626,0.043668014082041656,,0.24476057968356393,14.968379446640318,0.8539745278875713,JJA,229.6455862977602,8.423254281949935,MAM
75480,1.9710307717323303,0.08210669085383415,0.04165722243487835,,0.24537330120801926,14.514492753623188,0.8580917874396135,JJA,220.70289855072463,7.930555555555555,MAM
75491,1.9126802682876587,0.08463966101408005,0.04425316862761974,,0.24864128232002258,14.789855072463768,0.856280193236715,JJA,224.16666666666666,8.1256038647343,MAM
75499,1.8600434809923172,0.08219734067097306,0.044208075385540724,,0.2857965901494026,14.932518115942027,0.8363903985507246,JJA,227.2151268115942,8.51237922705314,MAM
75500,1.874767644930694,0.08279331167370586,0.04417534911278951,,0.28073725255869203,14.603537214443625,0.829976254810448,JJA,225.96241709653648,8.429685580938344,MAM
75501,1.843714753786723,0.08450431873401006,0.04583563655614853,,0.2951112886269887,15.579710144927537,0.8635265700483092,JJA,230.1497584541063,8.789049919484702,MAM
75511,1.9096518754959106,0.08338019996881485,0.04366251453757286,,0.29451945424079895,14.73913043478261,0.8719806763285024,JJA,225.9855072463768,8.55072463768116,MAM
75518,1.8024360749029344,0.08846976031218806,0.049095578491687775,,0.26303176053108707,15.357643758765779,0.8266323827333645,JJA,233.08695652173913,8.929951690821257,MAM
75520,1.7713868618011475,0.09295903891324997,0.052478112280368805,,0.2623129189014435,15.318840579710145,0.8079710144927537,JJA,235.65217391304347,9.150966183574878,MAM
75530,1.8554679453372955,0.08379565738141537,0.0451732175424695,,0.28886573016643524,15.210144927536232,0.855072463768116,JJA,229.77898550724638,8.720712560386474,MAM
75543,1.931065946817398,0.08276805840432644,0.04286194406449795,,0.25508086383342743,14.333333333333332,0.8478260869565217,JJA,222.02898550724638,8.000603864734298,MAM
75552,1.9737946059968736,0.07775250532560879,0.03941071074869898,,0.2508354042139318,14.002818035426733,0.8725174449812132,JJA,219.76328502415456,7.8351784755770275,MAM
75553,1.959687132259895,0.07668105230249207,0.0391454394778301,,0.2519609183073044,13.859070464767614,0.8520531400966184,JJA,219.63268365817092,7.812718640679661,MAM
75559,2.0700775384902954,0.07550379261374474,0.0364746805280447,,0.253802165389061,13.043478260869566,0.8804347826086957,JJA,212.40579710144928,7.454710144927536,MAM
75561,2.007847785949707,0.07326721400022507,0.03649042174220085,,0.2569420039653778,13.08695652173913,0.8599033816425121,JJA,214.14492753623188,7.515700483091788,MAM
75573,1.9520766337712605,0.07236056526501973,0.0370718389749527,,0.2581813335418701,13.710144927536232,0.8478260869565218,JJA,220.06763285024155,7.768115942028985,MAM
75576,1.9585179805755615,0.07251397147774696,0.037030139937996864,,0.25372915267944335,13.452173913043477,0.822463768115942,JJA,217.63623188405796,7.624879227053141,MAM
75579,1.938477337360382,0.08181874454021454,0.04220803081989288,,0.2524840533733368,14.217391304347826,0.8417874396135265,JJA,220.47826086956522,7.899154589371981,MAM
75619,1.720586978472196,0.08994123225028698,0.052331459063750044,,0.3110934289602133,15.85953177257525,0.769788182831661,JJA,237.32552954292083,9.137402452619844,MAM
75624,1.7729874868546762,0.08671195624816802,0.04900159518564901,,0.29899137587316577,15.460495558672278,0.7911601994701575,JJA,233.5268817204301,8.919257441171888,MAM
75631,1.7829126119613647,0.0861729308962822,0.04833267256617546,,0.29912567138671875,14.81159420289855,0.7632850241545893,JJA,231.2608695652174,8.869565217391305,MAM
75635,1.7068744046347482,0.09001407027244568,0.052750377250569205,,0.32315003871917725,16.459627329192546,0.7877846790890269,JJA,240.2608695652174,9.393202208419599,MAM
75643,1.7109363079071045,0.08719962728875023,0.05098836762564523,,0.28512934701783316,15.556935817805384,0.7429261559696343,JJA,235.40579710144928,8.79175293305728,MAM
75674,2.07466460096425,0.06758122403046181,0.03257257446389774,,0.30271046428844844,12.136931534232884,0.8255455605530567,JJA,208.82508745627186,7.335332333833084,MAM
75682,2.0574966271718345,0.05427572876214981,0.026378711685538292,,0.30470892786979675,11.57487922705314,0.7971014492753623,JJA,206.0434782608696,7.214170692431562,MAM
75683,2.0740534392270176,0.06475111909888008,0.0312079768627882,,0.3049285276369615,11.840579710144926,0.8081906016688625,JJA,206.8102766798419,7.255599472990777,MAM
75684,2.050663948059082,0.07121685643990834,0.03472863386074702,,0.2962580919265747,12.222222222222221,0.8301127214170693,JJA,211.59420289855075,7.428743961352656,MAM
75716,1.879327416419983,0.08349096029996872,0.044425979256629944,,0.2558292746543884,14.217391304347826,0.8526570048309179,JJA,227.17391304347825,8.433574879227054,MAM
76007,1.9817890239088503,0.02222658547872601,0.011210455883721732,,0.3242690804069989,11.990073456422472,0.7490735225994308,JJA,207.4586063132817,7.217871087287407,MAM
76008,1.982619164387385,0.0230938467400847,0.011668807595560793,,0.3255773037672043,11.957487922705313,0.7465076489533011,JJA,207.2822463768116,7.189683977455717,MAM
76075,1.9288045167922974,0.03794128460244143,0.0197360948908941,,0.3178149291447231,12.193581780538304,0.7207556935817806,JJA,210.4979296066253,7.318150448585231,MAM
76076,1.97235848903656,0.0012929407879710198,0.0006554619176313281,,0.31599621176719667,12.307246376811595,0.7393719806763286,JJA,208.69565217391306,7.2751207729468605,MAM
76089,2.4400926917791366,0.03710435293032788,0.015061905683978694,,0.3721913956105709,9.949637681159421,0.9518115942028984,JJA,181.19728260869564,6.421573067632849,MAM
76130,2.640953000386556,0.0323236441006884,0.01211581309325993,,0.3673270722230276,9.646376811594203,1.071658615136876,JJA,176.43381642512074,6.424557165861514,MAM
76139,1.900429129600525,0.03533238295931369,0.018789252277929335,,0.31252397894859313,12.75072463768116,0.7316425120772947,JJA,213.8,7.559178743961352,MAM
76141,1.92304927110672,0.03975501262383269,0.020956468094872043,,0.31660001831395285,12.581780538302278,0.734817115251898,JJA,211.95962732919256,7.421756383712905,MAM
76147,1.9762287437915802,0.03304394139559008,0.01706059130083304,,0.3202620968222618,12.159420289855072,0.7442632850241546,JJA,208.59782608695653,7.220108695652174,MAM
76159,1.8947769403457642,0.05041002184152603,0.02656045015901327,,0.31156820952892306,12.77246376811594,0.7241545893719807,JJA,215.831884057971,7.694202898550725,MAM
76180,1.904795989394188,0.06931252948318918,0.03656577365472913,,0.30504384512702626,13.640700483091786,0.7692230273752013,JJA,217.1702898550725,8.157357085346215,DJF
76190,2.114491601785024,0.05495657225967281,0.026963914454595565,,0.32924255507963673,12.3191089640365,0.84677491501163,JJA,205.27965646806229,7.653269815709429,DJF
76253,2.024338483810425,0.0737106055021286,0.03641219437122345,,0.30162784457206726,12.55072463768116,0.7946859903381642,JJA,211.17391304347825,7.671497584541063,MAM
76255,1.9248206615447998,0.07234398275613785,0.037622302770614624,,0.31457769870758057,13.231884057971016,0.7795893719806763,JJA,216.64492753623188,7.804951690821256,MAM
76256,2.0190517604351044,0.07620384730398655,0.037754361517727375,,0.3394630700349808,12.507246376811594,0.8460144927536232,JJA,212.2826086956522,7.958031400966183,MAM
76264,1.9568990979875838,0.07776690487350736,0.03974514827132225,,0.3422298048223768,13.19047619047619,0.8474810213940648,JJA,217.29399585921328,8.226535541752934,MAM
76270,1.810552567243576,0.07168387249112129,0.039813864044845104,,0.32099340856075287,14.13768115942029,0.7406400966183575,JJA,224.9963768115942,8.961654589371982,DJF
76275,1.8115680932998657,0.07191435843706132,0.03987434431910515,,0.3231579065322876,14.347826086956522,0.7509661835748792,JJA,225.9594202898551,9.019323671497585,DJF
76284,1.8601116693538169,0.08087933891574325,0.04430893761024851,,0.36520976346472034,15.406112161310649,0.8379279563116993,JJA,228.37366099558918,9.364629279563117,MAM
76289,2.036853771775825,0.07298631341830236,0.03680182016054891,,0.3316019335293879,13.484150618754548,0.8703703703703702,JJA,214.25544305472832,8.44947389319039,MAM
76295,1.9748182928651796,0.07563985451439717,0.03955578461509982,,0.3309737915607323,13.84722676255857,0.8432131052268352,JJA,217.84924267189714,8.591964512731103,MAM
76321,1.6526215473810832,0.09048981716235478,0.05477320899566015,,0.35955506563186646,16.816425120772944,0.7532206119162641,JJA,240.16425120772945,9.81521739130435,MAM
76324,1.664980173110962,0.08927663043141365,0.05362064018845558,,0.3288406878709793,16.39855072463768,0.7367149758454106,JJA,237.97101449275362,9.540458937198068,MAM
76355,1.75930917263031,0.08936076313257217,0.050982965528964995,,0.3116122424602509,15.156521739130435,0.7516908212560387,JJA,230.9014492753623,9.043478260869566,MAM
76360,1.860175609588623,0.06111323150495688,0.03326299771045645,,0.30689024925231934,13.427536231884057,0.7359098228663447,JJA,218.39855072463766,8.36352657004831,DJF
76363,1.919694889675487,0.06426508758555759,0.03374878494915637,,0.31134645505384967,13.00790513833992,0.7606499780412825,JJA,214.39789196310937,8.229578392621873,DJF
76364,2.0046440568463555,0.0651279740549367,0.03265806907338315,,0.3150730883253032,12.581709145427284,0.8021822422122272,JJA,209.199900049975,7.942861902382143,DJF
76367,1.9600037084498876,0.07103684791167017,0.03642273957932919,,0.3042846754403182,12.911410491937131,0.7809586990542288,JJA,211.9099816289039,8.081292100428659,DJF
76406,1.8441928625106812,0.07238615304231644,0.03925085812807083,,0.2920950651168823,14.333333333333334,0.7765700483091788,JJA,223.231884057971,8.673913043478262,DJF
76416,1.95255442460378,0.07443814178307852,0.03821163351337115,,0.2929106255372365,13.552657004830916,0.7943639291465379,JJA,213.9903381642512,8.256521739130436,DJF
76417,1.9177365953272039,0.07481655117237207,0.03910798229502909,,0.29357498342340643,13.276679841897232,0.7616015224710876,JJA,214.55467720685112,8.224564485434051,DJF
76421,1.9220197200775146,0.07593784481287003,0.039509400725364685,,0.27156007289886475,15.594202898550725,0.8236714975845411,JJA,225.1304347826087,8.570048309178745,DJF
76454,2.0790505409240723,0.07788616791367531,0.03747026063501835,,0.34388212114572525,11.894927536231883,0.865036231884058,JJA,207.04710144927537,7.914251207729469,MAM
76456,2.142537275950114,0.07676538079977036,0.03583069145679474,,0.3435310125350952,11.483091787439614,0.8752012882447664,JJA,202.31884057971016,7.714573268921096,MAM
76461,2.114531087875366,0.07206333130598068,0.03420107066631317,,0.31464684009552,12.223188405797103,0.8422705314009662,JJA,205.4608695652174,8.064734299516909,DJF
76462,2.0837620377540587,0.07174067385494709,0.03459202889353037,,0.30815173089504244,12.444927536231885,0.8346618357487922,JJA,207.1246376811594,8.109782608695653,DJF
76466,2.058845905157236,0.07145904491727169,0.03491780204841724,,0.308605072590021,12.570791527313268,0.8285024154589371,JJA,208.70234113712377,8.157097733184688,DJF
76486,1.6552563861564353,0.08896879106760025,0.053874407377507955,,0.3415768963319284,16.012882447665056,0.7190910717480766,JJA,237.85077831454643,9.480094829128644,MAM
76489,1.6029093265533447,0.08859234303236008,0.05526971444487572,,0.3331057131290436,15.44927536231884,0.6751207729468599,JJA,238.65217391304347,9.557971014492754,MAM
76490,1.6461025817053658,0.08702159992286138,0.05290341803005764,,0.30324875882693697,15.122153209109731,0.6530365769496205,JJA,233.94202898550722,9.079365079365079,MAM
76494,2.0081982612609863,0.07656649872660637,0.03812677413225174,,0.3329722434282303,12.398550724637682,0.8435990338164252,JJA,212.33333333333331,7.999396135265701,MAM
76495,1.9961679776509602,0.07913907617330551,0.03966728753099839,,0.33367612461249035,12.81400966183575,0.8563808373590982,JJA,214.24154589371983,8.205716586151368,MAM
76499,1.691366155942281,0.08657364547252655,0.05118672549724579,,0.3018269141515096,14.521739130434781,0.678341384863124,JJA,230.0724637681159,8.867954911433173,MAM
76500,1.6876391410827636,0.08609570413827897,0.051045118272304534,,0.3036225736141205,14.407246376811594,0.685024154589372,JJA,229.8913043478261,8.877898550724638,MAM
76504,1.8968656659126282,0.07661766186356544,0.04039544239640236,,0.31912265717983246,13.53623188405797,0.8079710144927537,JJA,220.83333333333331,8.19987922705314,MAM
76512,1.6841199764838586,0.08469404136905304,0.05036101017433863,,0.3310663654254033,15.057413600891861,0.6933296172426606,JJA,233.08472686733555,9.210005574136009,MAM
76518,1.7715938091278076,0.08384861052036285,0.04732947796583176,,0.3506016433238983,15.043478260869565,0.7644927536231884,JJA,229.91304347826087,9.129227053140097,MAM
76550,2.1501733916146413,0.014072051770719034,0.00653408476085003,,0.34000169379370554,11.014492753623188,0.86783988957902,JJA,201.6501035196687,7.300552104899931,MAM
76556,2.0405833065509795,0.04715904457164773,0.02326889416290214,,0.32393408169349036,12.153743961352658,0.8115539452495975,JJA,208.64601449275364,7.464512882447665,MAM
76557,2.0403267734653348,0.051434882887086454,0.02529693284368777,,0.3192173499654938,12.212215320910973,0.814679885332059,JJA,208.78627169931517,7.42869751021925,MAM
76566,2.022646432641161,0.0564583674332353,0.02806715848056841,,0.31683524732310403,12.42277605966891,0.8142825379499928,JJA,210.6505972954945,7.511940856628868,MAM
76574,2.0065037023864294,0.06004932085986519,0.030128303483300107,,0.317350797355175,12.57909038901602,0.8133938787185354,JJA,212.06259534706328,7.609243897787947,MAM
76594,2.165226459503174,0.01834249112289399,0.008587817457737401,,0.32835863530635834,11.768115942028986,0.9045893719806763,JJA,202.8478260869565,7.298309178743962,MAM
76596,1.9655492476054601,0.07382005453109741,0.0375748910009861,,0.32010987401008606,12.944099378881987,0.7980503795721187,JJA,214.97412008281572,7.871376811594203,MAM
76597,1.9856048822402954,0.07042135725108285,0.035548014217056334,,0.32299651329716045,12.60929951690821,0.7935285829307568,JJA,213.14130434782612,7.7722926731078905,MAM
76601,2.0016998449961343,0.0755978673696518,0.037776817878087364,,0.32436902324358624,12.584541062801932,0.8244766505636071,JJA,213.68599033816426,7.91304347826087,MAM
76602,2.0116000175476074,0.06953105702996254,0.03456529602408409,,0.33423610031604767,12.46376811594203,0.8134057971014492,JJA,211.2463768115942,7.616545893719806,MAM
76603,2.0190670490264893,0.06960330158472061,0.0344730019569397,,0.32868674397468567,13.028985507246377,0.8442028985507246,JJA,213.42028985507247,7.673913043478261,MAM
76611,2.0653516981336804,0.06705076951119635,0.032470093626115054,,0.31761622097757125,12.17391304347826,0.833064949006978,JJA,206.97101449275362,7.26663982823403,MAM
76614,2.018886312842369,0.07244798727333546,0.03589951153844595,,0.3175830952823162,12.514492753623188,0.8355978260869565,JJA,211.92210144927537,7.594655797101449,MAM
76619,2.01949101372769,0.04306216968689114,0.02121155241835176,,0.30457849565305206,12.143401983218917,0.7826722603610476,JJA,207.58581235697943,7.2070938215102975,MAM
76620,2.037678566472284,0.0482402332086951,0.023554503104794,,0.30611423582866276,12.229385307346327,0.8022655338997167,JJA,207.77561219390307,7.2487506246876565,MAM
76627,1.9531686305999756,0.07033884649475415,0.03602002871533235,,0.3339943091074626,13.055555555555557,0.8198470209339774,JJA,217.52415458937196,7.794685990338164,MAM
76628,1.8499639828999836,0.07594660421212514,0.04105341310302416,,0.31545737385749817,13.681159420289854,0.7632850241545893,JJA,221.7246376811594,8.126006441223833,MAM
76634,1.9686299240266956,0.07650016711370365,0.03890508131400959,,0.32073588790120305,12.987857422640031,0.8181224702963833,JJA,215.68429298864083,7.898942420681551,MAM
76638,1.8926400393247604,0.07826254330575466,0.04137539118528366,,0.31944650039076805,13.507246376811594,0.7969504830917875,JJA,220.63043478260872,8.243961352657005,MAM
76640,1.9158268570899963,0.07846682891249657,0.04099533520638943,,0.3182726502418518,13.376811594202898,0.8152173913043479,JJA,219.14492753623188,8.18900966183575,MAM
76642,1.992856244246165,0.07367125029365222,0.036954364428917565,,0.3255367676417033,12.869565217391303,0.820450885668277,JJA,214.7632850241546,7.733695652173914,MAM
76648,1.9854504267374675,0.07451021298766136,0.03755479988952478,,0.33193594217300415,12.176328502415458,0.7969001610305959,JJA,209.9903381642512,7.889694041867955,MAM
76650,2.0449623465538025,0.07655371353030205,0.03748738765716553,,0.37108229100704193,13.130434782608695,0.8731884057971014,JJA,213.2826086956522,8.68840579710145,DJF
76655,2.0123281937379103,0.011367078906354995,0.005596881011465134,,0.3180045302097614,11.976588628762544,0.7630063173541435,JJA,207.1304347826087,7.23039762170197,MAM
77112,1.8205740319357977,0.07884973204798168,0.04332623796330558,,0.28622133533159894,13.785829307568438,0.736580783682233,JJA,226.13365539452496,8.24597423510467,MAM
77115,1.820497214794159,0.0802251435816288,0.04406934417784214,,0.27970820665359497,13.96376811594203,0.7397342995169083,JJA,226.80434782608694,8.322463768115941,MAM
77116,1.9636383295059203,0.07415696978569031,0.0377673864364624,,0.2935025870800018,13.304347826086957,0.8123188405797102,JJA,217.49565217391304,7.859903381642512,MAM
77124,1.9252373774846394,0.07531701649228732,0.03912111185491085,,0.3021998107433319,13.256038647342995,0.791867954911433,JJA,218.18357487922705,7.940016103059581,MAM
77130,1.815452754497528,0.0779619850218296,0.04294815845787525,,0.29345522820949554,14.39855072463768,0.7608695652173914,JJA,228.71014492753625,8.354468599033815,MAM
77132,1.8990238904953003,0.07812644804225248,0.04113884116796886,,0.31721261669607725,13.865302642796248,0.8149332196646775,JJA,221.0,8.080633702756463,MAM
77140,1.6347109874089558,0.0892952171464761,0.05463014294703802,,0.28626436988512677,16.169082125603865,0.7242351046698873,JJA,240.5724637681159,8.941626409017713,MAM
77152,1.6792128086090088,0.08719998225569725,0.05194376967847347,,0.2798087000846863,16.108695652173914,0.7415458937198067,JJA,238.5072463768116,8.816425120772948,MAM
77156,1.7616523901621501,0.08402567356824875,0.04770415648818016,,0.281026949485143,15.444444444444445,0.7769726247987118,JJA,232.3961352657005,8.495169082125605,MAM
77164,1.8080896139144897,0.08313188205162685,0.04598864788810412,,0.28208674987157184,14.42512077294686,0.752818035426731,JJA,226.93719806763283,8.282608695652174,MAM
77166,1.8553441762924194,0.07617178931832314,0.04105616174638271,,0.3308102935552597,13.840579710144928,0.7898550724637681,JJA,223.73913043478262,8.244565217391305,MAM
77179,1.774701217810313,0.0844911461075147,0.04760942670206229,,0.3280327518781026,14.304347826086959,0.7487922705314011,JJA,226.91062801932367,8.828502415458937,MAM
77189,1.7736960649490356,0.0845947191119194,0.0476993378251791,,0.3083115369081497,14.463768115942027,0.7427536231884058,JJA,227.6159420289855,8.750603864734298,MAM
77193,1.8645549416542053,0.07910795882344246,0.042430149391293526,,0.3226163387298584,13.905797101449275,0.8031400966183575,JJA,225.45652173913044,8.481884057971016,MAM
77197,1.857433021068573,0.07775545958429575,0.04186510108411312,,0.3310350589454174,14.31159420289855,0.8069142512077294,JJA,226.06159420289856,8.4693538647343,MAM
77201,1.8481844663619995,0.06771111488342285,0.03664829023182392,,0.29472099244594574,14.884057971014492,0.7989130434782609,JJA,227.47101449275362,8.705917874396135,MAM
77209,1.7675979137420654,0.08833004534244537,0.049971796572208405,,0.3026672899723053,15.057971014492754,0.7789855072463768,JJA,233.2463768115942,8.805555555555555,MAM
77210,1.6747159957885742,0.08596613258123398,0.051331765949726105,,0.27523255348205566,16.52173913043478,0.7451690821256038,JJA,239.05797101449275,9.007246376811594,MAM
77212,1.7425361156463623,0.087364728252093,0.05017646253108978,,0.3161175151666005,15.02512077294686,0.7469404186795491,JJA,232.3391304347826,9.01892109500805,MAM
77217,1.823633869489034,0.0842239906390508,0.04618834828337034,,0.306625892718633,14.710144927536232,0.7785829307568438,JJA,227.91304347826087,8.726650563607086,MAM
77223,1.6361434698104858,0.0917159602046013,0.05609496831893921,,0.29569384455680847,16.63768115942029,0.7396135265700483,JJA,242.5768115942029,9.092995169082126,MAM
77231,1.7272526741027832,0.08744497746229171,0.05067862644791603,,0.3380505174398422,15.491304347826087,0.759903381642512,JJA,234.56521739130434,9.28985507246377,MAM
77242,1.7182015975316365,0.08829488977789879,0.05141021994253,,0.3171202788750331,15.432367149758454,0.7566425120772946,JJA,235.83091787439614,9.2091384863124,MAM
77245,1.4062523126602173,0.10278007239103318,0.073090361058712,,0.37964673042297364,18.776811594202897,0.6758454106280193,SON,257.1884057971014,10.6975845410628,MAM
77250,1.4464764327419048,0.09868031268825336,0.06841330359480818,,0.3500957190990448,17.967169476486244,0.6542443064182194,JJA,253.04939367051168,10.43697623977127,MAM
77260,1.4402183294296265,0.09777838364243507,0.06789156422019005,,0.35872699320316315,17.695652173913043,0.6292270531400966,SON,251.97101449275362,10.567028985507246,MAM
77266,1.5294102529684703,0.09451263832549255,0.061904956586658955,,0.35089996705452603,17.568840579710145,0.6882045088566828,JJA,247.90338164251207,10.124496779388084,MAM
77270,1.3923437148332596,0.09998519718647003,0.07185575272887945,,0.34076573699712753,18.30072463768116,0.6284722222222223,JJA,256.44746376811594,10.565066425120772,MAM
77285,1.6141095757484436,0.09091593325138092,0.05632796511054039,,0.3541869819164276,17.217391304347828,0.7403381642512077,JJA,244.3478260869565,9.812198067632849,MAM
77292,1.6518553048372269,0.09066798972586791,0.05496514836947123,,0.3419047345717748,16.720410628019323,0.7469303542673108,JJA,240.92632850241543,9.652777777777777,MAM
77298,1.6072519540786743,0.09275193363428116,0.05771444588899612,,0.33723480701446534,17.269565217391307,0.7396135265700483,JJA,243.8695652173913,9.745410628019325,MAM
77311,1.435329794883728,0.10081282258033752,0.07025364538033803,,0.3252446949481964,18.28019323671498,0.6541867954911433,JJA,254.9903381642512,10.335346215780998,MAM
77327,1.5706042051315308,0.09274999797344208,0.059053704142570496,,0.29507261514663696,17.231884057971016,0.7342995169082126,JJA,248.31884057971016,9.539855072463768,MAM
77329,1.585691147380405,0.09122557358609305,0.057591339780224696,,0.297851347261005,16.69082125603865,0.7130971551261406,JJA,245.66344605475038,9.340042941492216,MAM
77336,1.4715952475865681,0.10207673783103625,0.06938535595933597,,0.3077104190985362,18.031400966183575,0.6884057971014492,JJA,254.2729468599034,10.097624798711756,MAM
77362,1.3186267444065638,0.10870329822812762,0.08248835269893919,,0.3084679799420493,19.337474120082813,0.634575569358178,JJA,264.2525879917184,10.783816425120774,MAM
77370,1.5410593748092651,0.09579887986183167,0.0621643029153347,,0.3385694921016693,18.405797101449274,0.7572463768115942,JJA,252.66666666666666,9.967391304347826,MAM
77397,1.618706226348877,0.09495318432648976,0.05869177356362343,,0.3276057839393616,17.299516908212563,0.7504025764895329,JJA,244.41545893719808,9.868357487922706,MAM
77409,1.513812127866243,0.0948148095294049,0.0627061840342848,,0.3244205415248871,17.993135011441648,0.7296592931604373,JJA,252.5896262395118,9.890795830155097,MAM
78004,1.8648600026742737,0.08423602959113334,0.045208012434973646,,0.24126690381498478,15.514817218256544,0.8694390367005552,JJA,231.23512870430457,8.705007570841444,SON
78011,1.8211568185499498,0.08799712187968768,0.048451979651109325,,0.2408297210931778,15.89024019458802,0.8549119962163441,JJA,234.39333130637476,8.926159589203069,SON
78013,1.7719229946673756,0.09217454206215943,0.05237273838668362,,0.24072712435968605,16.281417976457778,0.8411240389195074,JJA,237.64013063890587,9.153364632237873,SON
78017,1.6918398256592908,0.0955932580214431,0.05723960876045093,,0.261046654601612,16.791454038239095,0.8056094214238734,JJA,242.14074300877732,9.478283549930826,MAM
78050,1.8996566874640328,0.08102259678500039,0.04267181349652154,,0.24849270922797068,15.11594202898551,0.8711180124223602,JJA,228.1221532091097,8.506728778467908,SON
78053,1.896591067314148,0.0843335478566587,0.044488054467365146,,0.233540503308177,15.36141304347826,0.8845108695652175,JJA,229.98097826086956,8.712333937198068,SON
78054,1.8647198361508988,0.08586873793426682,0.046090246123426104,,0.23416143042199752,15.552855924978687,0.8655868144359192,JJA,231.74978687127023,8.77330207445297,SON
78078,1.7891675233840942,0.09324588254094124,0.0521166305989027,,0.23417115211486816,16.181159420289855,0.8297101449275363,JJA,237.02173913043478,9.133454106280194,SON
78082,1.8213697095071115,0.087864724378432,0.04826541473307917,,0.2502652704715729,15.891070593735389,0.8569035374785725,JJA,234.46750818139316,8.979273803958236,MAM
78092,1.818665862083435,0.0850965604186058,0.04679436981678009,,0.25775178521871567,15.590579710144928,0.8405797101449275,JJA,233.71739130434784,8.883454106280192,MAM
78106,1.7398217519124348,0.09651068598031998,0.05547339345018069,,0.2289824734131495,17.38647342995169,0.8611111111111112,JJA,242.28019323671495,9.475040257648953,SON
78109,1.7681838870048523,0.09333184361457825,0.052801692858338356,,0.2598109245300293,15.695652173913043,0.817632850241546,JJA,236.58695652173913,9.168478260869565,MAM
78111,1.7193365097045898,0.09564141271745458,0.05568945101078819,,0.2492888753905016,16.223358908780906,0.8085393577720943,JJA,239.1756180733163,9.335251491901108,SON
78130,1.6018920838832855,0.10253245569765568,0.06402377039194107,,0.25868529081344604,17.304347826086957,0.7792874396135265,JJA,247.47101449275362,9.728260869565217,MAM
78132,1.5985759496688843,0.1068715751171112,0.06685423851013184,,0.24863030016422272,17.942028985507246,0.8200483091787439,JJA,249.07246376811594,9.957729468599034,MAM
78135,1.8057459592819214,0.08761485293507576,0.04854760691523552,,0.30113959312438965,16.07246376811594,0.8502415458937198,JJA,234.7536231884058,9.030797101449275,MAM
78138,1.7423667753896406,0.09105890340382053,0.05232722384314383,,0.2985342962126578,16.387096774193548,0.8186847436496805,JJA,238.1313697989715,9.302010285179993,MAM
78141,1.7233080580120994,0.0924042756003993,0.05373569994810082,,0.2925493944258917,16.508281573498966,0.8133770416379112,JJA,239.4120082815735,9.363900391074305,MAM
78144,1.715055387467146,0.09339819561379652,0.05466296752759566,,0.2796301405566434,16.534722222222225,0.8136070853462157,JJA,239.9621074879227,9.365539452495973,MAM
78146,1.6821235177897607,0.09563608836977422,0.05724744207593573,,0.2769613577788617,16.80453050785532,0.8009073194495189,JJA,242.20801364023873,9.500994600738846,MAM
78160,1.7005005876223247,0.09395169094204903,0.05529501847922802,,0.28199579815069836,16.78743961352657,0.8168276972624798,JJA,241.0,9.427133655394526,MAM
78163,1.8131181257111686,0.08691654886518206,0.04796393375311579,,0.2908254861831665,15.686335403726707,0.8507591442374051,JJA,233.16356107660457,8.978951000690131,MAM
78165,1.7635062844664962,0.09027446226941215,0.051353680038893665,,0.2826578782664405,16.11164787976382,0.8355251386652354,JJA,236.63231347289317,9.176910001789228,MAM
78173,1.7290323376655579,0.09418762661516666,0.054486364126205444,,0.26911456137895584,16.221014492753625,0.8266908212560387,JJA,238.90579710144928,9.328200483091788,MAM
78182,1.5359763588224138,0.10520411602088384,0.06855293256895882,,0.2778074698788779,18.010351966873706,0.7437888198757764,JJA,251.94202898550722,10.152864044168393,MAM
78188,1.6224145293235779,0.10096868127584457,0.06223994493484497,,0.27093249559402466,17.26086956521739,0.7693236714975845,JJA,246.18840579710144,9.706521739130434,MAM
78191,1.523887574672699,0.10827653110027313,0.07105324417352676,,0.25972816348075867,18.152173913043477,0.7445652173913043,JJA,252.6086956521739,10.229468599033815,MAM
78196,1.631602532333798,0.09486656097902192,0.05823778257601791,,0.3132582637998793,17.367954911433173,0.7655662909286098,JJA,245.7576489533011,9.732353730542137,MAM
78202,1.52704765730434,0.10157792849673165,0.06702505714363521,,0.29827311179704136,17.834138486312398,0.7252247718733226,JJA,251.66847826086956,10.16015834675255,MAM
78205,1.69493571917216,0.09325948854287465,0.055046215653419495,,0.304751455783844,17.02415458937198,0.8055555555555557,JJA,241.8743961352657,9.549919484702093,MAM
78218,1.5892836451530457,0.09960313513875008,0.06274760452409585,,0.2964577277501424,17.77053140096618,0.7632850241545893,JJA,247.45169082125605,9.874798711755234,MAM
78224,1.4006109476089477,0.11242402046918869,0.08028308451175689,,0.2733617603778839,18.21159420289855,0.6871980676328503,JJA,259.5739130434783,10.778019323671497,JJA
78229,1.336697178227561,0.10965363468442645,0.0822119473346642,,0.30792311685425894,18.598343685300204,0.6372498274672187,JJA,263.0621118012422,10.869306418219463,MAM
78231,1.3233155713361853,0.11055852823397692,0.08376906680710175,,0.30376044091056376,18.69906223358909,0.6329923273657289,JJA,263.81756180733163,10.927394146064223,MAM
78234,1.2536620497703552,0.1178557500243187,0.09401906281709671,,0.2724083811044693,19.304347826086957,0.606280193236715,JJA,268.32608695652175,11.284420289855072,JJA
78235,1.1992934942245483,0.11935111880302429,0.09951785951852798,,0.27177894115448,19.55072463768116,0.5652173913043478,JJA,271.8985507246377,11.520531400966183,JJA
78252,1.443796780374315,0.11364351047409905,0.07884312586651908,,0.24717814226945242,18.77697262479871,0.7207461084272678,JJA,258.08051529790663,10.472557702630166,JJA
78261,1.2027387380599976,0.11803340762853623,0.09821445941925049,,0.2478637605905533,19.469565217391303,0.5765700483091787,MAM,271.8231884057971,11.441062801932368,JJA
78275,1.8152145147323608,0.09119236717621486,0.0502517931163311,,0.22994603713353476,16.64734299516908,0.8973429951690822,JJA,236.93236714975845,9.050322061191627,SON
78345,1.772109478712082,0.09377584420144558,0.052946374751627445,,0.22864466160535812,17.097826086956523,0.873792270531401,JJA,239.5,9.266304347826086,SON
78391,1.8267376720905304,0.08965134434401989,0.049084845930337906,,0.23034818470478058,15.706521739130435,0.8514492753623187,JJA,235.2717391304348,9.038043478260871,SON
78394,1.7707309424877167,0.09380812235176564,0.05304797403514385,,0.230702293664217,16.63550724637681,0.8519927536231885,JJA,239.5108695652174,9.281280193236714,SON
78410,1.7172845900058746,0.09820428304374218,0.05719535704702139,,0.2318052500486374,17.32246376811594,0.8448067632850241,JJA,243.43115942028987,9.59963768115942,SON
78499,1.523659070332845,0.11105651656786601,0.07300438731908798,,0.21974768241246542,18.893719806763286,0.7789855072463768,JJA,255.90338164251207,10.233494363929147,SON
78501,1.5941457748413086,0.10555678233504295,0.06624530255794525,,0.2361934557557106,18.34057971014493,0.8019323671497585,JJA,251.3768115942029,10.002415458937199,SON
78504,1.5205983465368098,0.11086123233491724,0.07302977923642505,,0.2312141853300008,18.83399209486166,0.775691699604743,JJA,255.7193675889328,10.270421607378129,SON
78507,1.5630326668421428,0.10928485045830409,0.06991853316624959,,0.23957781493663788,18.3719806763285,0.7882447665056361,JJA,252.8502415458937,10.155394524959744,SON
78509,1.4872197310129802,0.11262185374895732,0.0757367139061292,,0.23356234033902487,19.0,0.7657004830917874,JJA,257.7874396135266,10.380032206119163,JJA
78510,1.4916228652000427,0.11332911439239979,0.075979083776474,,0.23226137459278107,19.05072463768116,0.7620772946859904,JJA,257.731884057971,10.435688405797102,JJA
78515,1.456255038579305,0.11571202675501506,0.07946180179715157,,0.21725253015756607,19.413043478260867,0.7338969404186795,JJA,259.5676328502415,10.454710144927535,JJA
78519,1.5557979941368103,0.11065064743161201,0.07112202048301697,,0.21965444087982178,19.34057971014493,0.8121980676328502,JJA,254.0072463768116,10.125603864734298,SON
78563,1.5196661353111267,0.1157063115388155,0.07613912224769592,,0.184341199696064,20.10869565217391,0.8194444444444444,MAM,258.927536231884,10.475543478260871,SON
78611,1.7862888336181642,0.09141302853822708,0.051191240549087524,,0.2491269290447235,15.947826086956521,0.8381642512077294,JJA,235.97391304347826,9.155314009661836,MAM
78620,1.6458791494369507,0.09705544263124466,0.05896875262260437,,0.2980709373950958,17.318840579710145,0.783816425120773,JJA,243.30434782608697,9.61111111111111,MAM
79001,2.12545108795166,0.0723002552986145,0.034016430377960205,,0.22580504417419434,12.855072463768115,0.8852657004830918,JJA,208.6231884057971,7.390096618357488,MAM
79006,2.107710668018886,0.07250528889042991,0.03440394651676927,,0.22310332847493036,12.989648033126295,0.8955314009661837,JJA,211.22360248447202,7.532004830917873,SON
79011,2.1179661750793457,0.07182043105844528,0.033926274206849835,,0.21916959410713566,12.980364656381486,0.9089138226585631,JJA,211.50864890135577,7.543750973975377,SON
79062,2.1357382933298745,0.0728435069322586,0.03410694748163223,,0.21865455309549967,12.743961352657005,0.9029790660225442,JJA,209.59420289855075,7.469001610305958,MAM
79244,2.080600357055664,0.07193543165922164,0.034575574845075605,,0.213040554523468,13.330434782608696,0.9316425120772946,JJA,215.74202898550726,7.67512077294686,SON
79261,2.0991744995117188,0.0726006031036377,0.03458531200885773,,0.21567954123020172,13.202898550724637,0.9166666666666666,JJA,213.82608695652175,7.641304347826087,SON
80118,2.056382417678833,0.07490584760904312,0.03643777444958687,,0.21463137209415437,13.561159420289854,0.9152657004830916,JJA,217.2144927536232,7.882415458937198,SON
