,centroid_x,centroid_y,minx,miny,maxx,maxy,watershed_area,station
0,39.26042494338587,58.95409555188595,38.844155269077426,58.808093208676226,39.710290181692116,59.105645305238376,837.470815956323,0
19008,47.7329770926906,50.94237061424263,47.20951942574181,50.482449165691655,48.40971484576931,51.418609501934455,3669.731010657916,19008
19127,59.97688453405489,51.37370130007581,58.930927723319456,50.823144827102674,60.687126258870386,51.91499377906302,7354.119417093881,19127
19128,60.29352306238969,51.62867592384727,59.83667347191505,51.318727192482,60.687126258870386,51.91499377906302,2470.7201898819117,19128
19143,59.503784144590064,50.58839736102003,59.2525389338563,50.4593344407744,59.77649240297958,50.75000132568341,793.4660706056123,19143
19381,55.47966039154381,51.39712939087313,55.260032512590506,51.29385433672049,55.69268737172382,51.49167053448132,449.4313248167805,19381
70002,38.87414745188885,60.918640535858046,37.72663853681121,60.071940699787156,40.614901355490595,61.789065103901955,12990.75761122221,70002
70004,46.477397015044865,61.35926885704891,37.54638146013475,58.526468194412345,56.41011195485472,64.54114817316741,314042.3032680361,70004
70027,39.89137059749828,61.36911344208285,39.222070533982325,60.771379006778496,40.69364706576811,61.98696538668622,7126.213113879384,70027
70031,38.29098424062485,62.421925775358005,37.54638146013475,61.76682912985649,39.19025136319293,62.987115978302356,5538.995458790166,70031
70066,48.47227546580452,61.24693764352342,38.39440028077101,58.526468194412345,56.41011195485472,64.54114817316741,220025.71541184967,70066
70091,40.69558233510833,59.70846300731046,38.39440028077101,58.526468194412345,43.28329086303737,60.97380306998997,34779.36146915958,70091
70098,41.768515230712175,59.90345867224824,38.39440028077101,58.526468194412345,46.21660948392795,61.20383870345429,49198.830309218305,70098
70118,40.76981665197012,60.4653352054321,39.89279636722766,60.04884620910556,41.64686839404811,60.97380306998997,4858.720844956893,70118
70152,45.389407423826114,59.80703787158166,44.31846158750428,59.15076299124943,46.31690543586093,60.46873229681432,8905.480687332049,70152
70153,45.97514821169882,59.907487421781084,44.31846158750428,59.15076299124943,48.352923245262105,60.46873229681432,14752.630564749132,70153
70167,49.163599464887625,60.0119271993701,47.94954790574187,59.58683851058356,50.60065684301749,60.42556896225078,6947.265426756349,70167
70169,48.87411048838447,60.35667159463963,47.15984386063227,59.58683851058356,50.60065684301749,61.16810035553544,16515.131216616635,70169
70176,54.33549040944761,62.5452485002319,53.39482806951977,62.155057326901755,55.54194858564459,62.911010964775095,4619.970121311652,70176
70180,54.51553407300217,61.73268834493278,52.66152465324578,60.75079981910647,56.41011195485472,62.911010964775095,26420.222483245485,70180
70200,51.830219544888095,62.077781867322194,47.48665493602417,59.90503450651601,56.41011195485472,64.54114817316741,111680.63976428504,70200
70212,52.54717381994054,62.46100967951426,51.12257299249784,62.08317536852445,53.769896348330604,62.90031688068863,7724.808456798274,70212
70213,53.15061917869022,62.4857216540332,52.50200858317554,62.08317536852445,53.769896348330604,62.90031688068859,3974.21657258606,70213
70215,52.074388370838875,61.22358387537248,51.04196141521846,60.804691852812795,52.93708630741123,61.643437520321086,6077.016149858859,70215
70217,51.55421854321341,60.254178669571736,50.56447221662979,59.90503450651601,52.436847991161095,60.578006370110245,4286.322171212124,70217
70221,50.92845687613503,60.577944118960836,49.051889547163775,59.90503450651601,52.436847991161095,61.17575230527008,11688.309602805442,70221
70238,51.5300555138396,63.55036467940575,49.694500200115066,62.612524832716964,53.23082553647092,64.54114817316741,19169.871891427225,70238
70246,52.266092896198934,62.94540052431054,51.30294868714822,62.612524832716964,53.23082553647092,63.31387994961297,3956.7653389827283,70246
70250,48.98238990357822,62.58559397014853,48.09788128952512,62.16557716729462,49.884397371045424,62.99867250954924,4927.0271611413045,70250
70252,48.72956714313838,61.19075535326472,47.629073801461786,60.811342089663356,49.58768713764609,61.59515253406968,5032.359983153732,70252
70275,41.701832539274804,60.80255286593128,40.23993034801866,59.94744528564187,43.049407779296864,61.56667720845235,13157.428527742999,70275
70284,42.790364165678774,61.27344453602359,40.23993034801866,59.94744528564187,45.84398404960231,62.622365109239496,43803.28493362816,70284
70293,41.05746932243198,61.10580507102079,40.23993034801866,60.64399279367198,41.87293722197707,61.56667720845235,4831.833168850559,70293
70298,44.80343350417679,61.30405161971342,43.85210739353971,60.76408266220287,45.84398404960231,61.818378081156794,6730.87359596609,70298
70311,40.92091269437828,62.84838320476661,39.53528308028832,62.29213108817921,42.091619894647046,63.435098669418316,7782.969250344816,70311
70331,46.29854606431594,62.91612740310137,44.69174942920884,61.927999750834715,47.56450003856133,63.85445134310923,17219.866028066222,70331
70334,45.28270972623669,63.3822377098107,42.861901350767894,61.927999750834715,47.56450003856133,64.78907765881236,37094.65540883849,70334
70374,42.041205373579274,65.37520852260171,40.86682216804377,64.86830758679248,43.433245226158036,65.79184282946814,5190.909443139675,70374
70378,49.791574756790865,64.12708571753019,48.66806858189999,63.62010550950031,50.901885443488545,64.69264467703739,6386.399329930216,70378
70382,49.485681278288325,63.737660490621856,47.982664765128995,62.81893891835879,50.901885443488545,64.69264467703739,15017.1536735512,70382
70394,47.922036360374356,62.80675520020868,47.0813626257497,62.1283071866164,48.87657663194656,63.45395483399741,6856.860220517892,70394
70396,47.35460259058738,63.52738469817078,45.282316037280204,62.1283071866164,48.87657663194656,64.61959060095496,18841.32606701561,70396
70399,48.440515488470524,65.5862569861003,47.6657799768432,65.10271864427348,49.155493890977446,66.10371017737515,4283.825808242284,70399
70401,47.25107214148664,65.60346284001328,45.08022960817334,65.10262715057286,49.155493890977425,66.10371017737515,11563.85417986893,70401
70403,48.528370463013616,66.23531428088985,47.968409485628285,65.77552656513348,49.1719469910536,66.71778560467612,2895.751822360774,70403
70410,58.21649824037566,61.85515747413256,56.54216941681371,61.44011956367938,59.48545579099995,62.39443790491778,9581.041750453089,70410
70414,57.62824084438558,62.421624511184135,54.92328607876887,61.44011956367938,59.62158985449612,63.612515605775066,35676.82281375618,70414
70421,57.467659680214176,63.08916729201453,54.781627730812204,61.44011956367938,59.82348105770378,64.85783233143806,67491.62241876526,70421
70444,58.544647841565975,62.76420622388754,57.41159236459729,62.15314312896074,59.62158985449612,63.612515605775066,10528.61795265782,70444
70458,56.14965494071172,64.54490533602991,55.10382823954142,64.25793793995494,57.05050342685922,64.89499371250741,4431.925969968461,70458
70463,64.28986191833353,67.38638749209079,62.595702469501724,66.64070129595137,66.0940030167413,68.03341250779175,13920.305452749151,70463
70466,63.290072008639136,66.8577074007536,60.61804753429663,65.33030204224397,66.0940030167413,68.03341250779175,27218.81029943387,70466
70468,61.89951241529452,66.51381402826055,58.442145249742126,64.78820318139488,66.0940030167413,68.03341250779175,54440.35027483827,70468
70494,60.48103803026271,67.39447550958135,58.63047571019444,66.81093480432223,61.92288063526003,68.19822705094612,8594.53726976285,70494
70499,58.73476672715383,67.68698316563864,57.835207214772495,67.16426325101055,60.03447331202562,68.27579706664905,5439.4027603856985,70499
70505,55.47741547095595,67.19561115188313,54.355441257314155,66.74468913399308,56.5879672016135,67.59306387209142,4617.92907210089,70505
70509,53.96870180874041,63.41698971090167,52.41720350582911,62.663087512313126,55.33559688771694,64.22335463634525,15056.904464814508,70509
70512,53.66782675878212,63.68528912341253,52.0048108208001,62.663087512313126,55.33559688771694,64.76703027304359,22805.100264139084,70512
70522,53.005712021160186,63.48697420771346,52.41720350582911,62.850267207578455,53.753669907881545,64.03465659079913,4313.801480366767,70522
70531,51.17297368635439,64.78325449908192,50.00182307984319,64.38626454110963,52.197129403571275,65.25042690730028,4868.411273686749,70531
70533,50.318884038958814,65.8215778068722,48.74196189457715,64.79417633650155,51.88602653708762,66.71699481174875,20885.995179111622,70533
70540,50.0846197885394,67.05107824443365,48.59942189901825,66.45652049801518,51.40492194060659,67.79339938872513,8226.569144976253,70540
70801,46.56512982171968,61.756749482734314,38.39440028077101,58.526468194412345,56.41011195485472,64.78907765881236,348651.1317129591,70801
70827,56.48708079421615,65.4385368049893,48.59942189901825,61.44011956367938,66.0940030167413,68.27579706664905,311381.35360149207,70827
70842,39.236475048381244,62.121072526379805,37.24613160167811,60.071940699787156,41.651191961364965,64.14117044167945,55679.78760619194,70842
70844,48.052008817101246,64.08513417704822,44.594610098933636,62.1283071866164,50.901885443488545,65.49748533430277,56349.02277403241,70844
70850,57.67063425989335,65.19818088618537,50.00182307984319,61.44011956367938,66.0940030167413,68.27579706664905,253065.54896608848,70850
71186,36.00369941005362,66.97590842120255,34.48838298127683,66.3804499380343,37.62035538231899,67.52672428442861,7959.761169577498,71186
72043,30.830615457608552,59.31252526567125,30.582039307408195,59.04617332612082,31.093365859866914,59.573962559978966,1275.0705212792066,72043
72156,34.08747962733485,60.02054065567085,32.97559154199181,59.620900418572425,35.11776275947479,60.33367947698132,5824.807819076488,72156
72459,30.367209888661264,56.44808879142244,29.634276921413008,55.60245648107019,31.16678152548817,57.27184828921184,9017.261838109669,72459
72552,29.558074194739174,59.76806439278945,29.23300001282035,59.65546444082426,29.874752652923892,59.91277827308814,552.6378525881292,72552
72559,28.94090942234109,59.6136839266682,28.60603642463658,59.49784178281491,29.22839403469712,59.73687889360617,536.9129257025057,72559
72566,30.373527179202096,58.66323730860109,29.552391084729653,58.44255291777107,31.042402852633998,59.06726744221445,2485.8374346395,72566
73108,32.20274809237902,56.703891907811645,31.6965961649881,56.2516452247076,32.588949802015,56.981209625137055,2140.6112316573426,73108
73110,32.28276299399038,56.10434683173218,31.004529481262153,55.3817345836029,33.89512851094868,56.981209625137055,17948.101456045286,73110
73190,32.922351365725525,55.97501370394512,31.95295546151023,55.45235087087854,33.895128510948666,56.529029963142534,7045.162435242652,73190
73196,33.34412187430568,55.852892889899046,32.780694332275694,55.618384371198005,33.89512851094868,56.03174047714845,1601.8323421715133,73196
73215,31.80780893426313,55.13210015733338,31.255634800192116,54.80990254222071,32.368438814559454,55.4706950462762,2577.5125580320964,73215
74317,36.14636182808443,54.12941690528364,33.210061525047955,52.334061683428146,38.53460859818219,55.58754183395167,68763.18364286749,74317
75006,33.840486454662894,56.41105608774664,31.998634383282276,55.276078022409244,35.43316185789148,57.578123168052116,21155.808478353574,75006
75033,34.119318353721,55.52912196465519,33.86881709805535,55.31811991666964,34.384243476129136,55.69309231625689,693.1004841916159,75033
75058,34.69356366428161,57.193925604025885,33.785288413346855,56.80208551717126,35.4999284812187,57.696522722472906,5760.59313339103,75058
75074,35.99144143401716,56.10528113346867,35.5644204185734,55.934664287472785,36.497641647493346,56.28398697172487,1381.5663210383948,75074
75079,37.99214671277779,56.53522261484101,37.519146059997816,56.311021880330564,38.54109313556167,56.79473039649615,2110.7883718339463,75079
75106,37.636729879753474,57.65799907835977,36.977023164269255,57.45284426844883,38.125003470166924,57.83598174469965,1629.767264084624,75106
75108,38.52326869550178,57.46234817399204,38.31652802258474,57.33177138102935,38.77827703734495,57.6317228260319,504.48632273285057,75108
75110,38.156258353242606,57.79024614287717,37.87558133035584,57.65965048187092,38.354335569064446,57.92563642101985,353.131627988974,75110
75111,38.01224073214272,57.92804115537726,37.881674345994135,57.840398145617904,38.12569332607077,58.002865011984035,187.0228090859164,75111
75119,37.05296267415825,58.437755732341955,36.88942402102785,58.313798608489684,37.19594116238111,58.60108230539792,368.90953534443224,75119
75121,36.18814540156363,57.67024508278101,35.9511202808992,57.568431213708074,36.433446363123046,57.76102268667332,416.4652422302695,75121
75150,34.595981566840344,59.29682864785717,34.07458824575689,59.03007199845238,35.135185223960534,59.68789458547519,2656.58357697716,75150
75151,34.65791659782076,59.22208268363095,33.607468073804114,58.69049941607151,35.596648765175885,60.00178630843642,7451.737151727759,75151
75156,34.00778473888089,58.978288685166724,33.69987398581532,58.8599340570127,34.41447842724567,59.13702269270326,694.8650381661477,75156
75168,35.56723100518478,60.16144547113274,34.96337060032361,59.88930369367911,36.06511996776269,60.498411302514214,2407.5115789173756,75168
75176,35.41311929283178,59.770337897329576,35.01416122995455,59.47071761064945,35.87439393017567,60.03590764197063,1663.021149031903,75176
75190,36.88357981094271,59.79945514516036,36.47106999494354,59.334752461086296,37.369437342256475,60.11907852044979,2213.1443795207447,75190
75196,37.83142244121132,59.32720620590248,37.648221752332574,59.21433639296929,38.023482107275015,59.428729030221774,358.5213033520156,75196
75198,38.46416468040773,60.207954767383896,38.354650202922755,60.166655264390926,38.59876827126292,60.236669308677364,65.62520869487663,75198
75200,37.76947122803519,59.552418016859235,37.4616095330859,59.40482053364008,38.07565548624008,59.760503969747184,715.7527110383971,75200
75201,37.575680020417046,59.66863679918058,37.4616095330859,59.574881525772746,37.66594631293322,59.760503969747184,134.0789839713603,75201
75202,37.66777549259703,59.76029838897587,37.184471185380474,59.595367718109294,38.12076378966451,59.91950276932651,1126.2196901528716,75202
75203,36.713760386025974,60.133723869336826,36.52001761214046,60.00256838314651,36.96475627005591,60.24708140597875,385.1238542746683,75203
75206,36.584855132938536,60.61541604906044,36.36909501868344,60.53499849955958,36.82840042696636,60.70549838329099,283.8906248447285,75206
75208,36.36865419316438,60.3271878840978,35.78216835333734,60.06028464594972,36.98228162898296,60.56868591827035,2401.8892182055597,75208
75209,37.65985973699731,61.16465552542582,37.297144755408524,60.79516369150422,38.072236405322116,61.53079538358468,1632.9209701556067,75209
75210,37.8542154301889,60.860683029936546,37.29714475540855,60.26214754927614,38.3683032136393,61.53079538358478,4185.310773664161,75210
75211,38.11011033893448,60.82041632963835,37.794562375330905,60.594447755118004,38.35799855819356,61.01910545992754,864.4767822547675,75211
75219,38.98688309671109,57.84894283207576,38.766513464165996,57.74058137740392,39.29742817749037,57.98177586789273,483.9369219320599,75219
75221,39.61115353822722,57.988179641405836,39.452692319035506,57.85593642578365,39.78462675079353,58.14626623184963,341.3457376229266,75221
75222,39.33329926977972,57.739106997571895,39.12626528643955,57.67659936873094,39.56724165420433,57.80216767977737,268.0401851489381,75222
75225,39.258030189832034,57.23100622286828,38.19830003408484,56.918614361135546,40.48277297195346,57.62961554902433,4886.373367401876,75225
75227,37.501490101291935,57.93086249608539,37.00876924012283,57.72751276303427,37.92391216768042,58.196664538482366,1546.8960374215944,75227
75235,40.42362220310201,57.400440279350136,40.286577921663834,57.29255812052927,40.59891546038461,57.507792334982575,286.0706911413838,75235
75236,40.20204792433131,58.062206706130965,39.908537214674304,57.97932344192076,40.46333664240985,58.15228560148194,326.1312131008095,75236
75238,40.126519344934586,58.413132808968506,39.8033490103846,58.26644469642424,40.496747367254436,58.579568719515464,708.8819106939193,75238
75239,42.51541425240226,59.14151997108914,42.157549370805164,59.01547057857366,42.99326245111568,59.31971364097273,803.2458775225033,75239
75241,41.987068282381166,58.82023791075115,40.83170891334904,58.1979182710755,42.99326245111568,59.31971364097273,8970.60590246177,75241
75254,42.092950326422425,58.21769302158984,41.625262154900966,57.993317271293954,42.4576635701059,58.40754123348699,1001.7792757156864,75254
75257,41.7366898346648,58.14256363290056,41.2409873452452,58.01672894129246,42.13126293139919,58.26277419165192,766.8156598072854,75257
75259,40.52711848673543,58.57446991568236,40.09184539154332,58.300327905442984,41.026042790253264,58.85900403404526,1982.93517767325,75259
75263,41.350973872048016,57.90509042776388,41.057088709165974,57.70688409961888,41.8187295507693,58.121532478741884,852.0280808816295,75263
75265,41.43564531062719,57.55789000578683,41.20338408843122,57.50178237940681,41.60989810765404,57.62183433598521,194.4938800933009,75265
75266,41.18837058553629,57.301579065197245,40.92447207397676,57.163163938620514,41.45791776227961,57.44933037343111,512.6922452875752,75266
75267,41.94564311897962,57.257557965875876,41.71444906910946,57.15216069415052,42.1607203973542,57.37326722599264,341.6853711829679,75267
75273,42.048275192253854,57.87213985464208,41.76683709243517,57.68597297266669,42.328023427964695,58.05565101548112,788.7086744806331,75273
75274,42.43581832093168,57.88179148241644,42.18451161884411,57.68093031167346,42.699836999144225,58.06147489156334,781.6673906013028,75274
75280,43.121884007244404,58.1253136146428,42.373167496400995,57.759942486366384,43.73052789283035,58.43379554341577,3780.796838972189,75280
75286,44.1922340490511,59.113757024594165,42.52326803307526,58.27059976543185,45.41901045259055,60.002952803904456,16140.407112580959,75286
75287,44.24080451684915,58.970460965816095,42.52326803307526,57.8223523254883,45.41901045259052,60.002952803904456,18784.410329433056,75287
75289,43.11920028878698,58.826545204348356,42.5232680330753,58.530639748180036,43.75674823286548,59.08391432401586,1846.4739118580048,75289
75290,45.09808441172216,58.99136417522238,44.72619020451014,58.729468579513735,45.419010452590385,59.27064978317225,1244.9345116424172,75290
75291,45.079139701887634,58.85565615175671,44.71517513915568,58.4666666666867,45.41901045259039,59.27064978317227,2098.714615745369,75291
75292,43.03489490784473,58.49541593535314,42.62001992049492,58.36670646981006,43.421263384217426,58.64642252935921,949.2668063871128,75292
75293,43.76344304917088,58.47578686911783,42.62001992049492,58.009118276708094,44.603302125628616,58.880908951108445,5665.050827605945,75293
75297,44.02641577754531,57.41525072403561,43.832823406450025,57.29006154447007,44.248057991014946,57.52467638598012,438.4916913088787,75297
75306,36.13906843626908,52.45923407736861,35.957223253081146,52.334061683428125,36.35097700697348,52.59578466220479,498.0736527791279,75306
75309,35.78529762598862,52.74607095739591,35.16225940581144,52.334061683428125,36.42004120011513,53.17378112095909,4913.5256615648705,75309
75311,36.34622485014325,53.09341401178096,35.162259405811454,52.334061683428146,37.630216257363976,53.85493575016979,17363.571014406738,75311
75314,35.94996675986085,53.91857277554011,33.210061525047955,52.334061683428146,38.53460859818219,55.51242828369189,54691.53723555338,75314
75320,36.72492110579722,54.484919306612674,33.210061525047955,52.334061683428146,40.210557347327985,56.28608057469104,99003.68427853106,75320
75326,39.12772867475275,54.31367809905556,33.210061525047955,52.11120515275818,45.02818830090372,56.28608057469104,186569.27170808442,75326
75332,35.50248843999111,52.64099632675624,35.211757167175634,52.48664445012662,35.80802275575744,52.778753253637916,826.6887541436049,75332
75333,35.43737521876429,52.97968293804181,35.16225940581144,52.85766261657744,35.77494418358064,53.123047173076415,641.9338320425124,75333
75336,36.34459905235816,52.89915661315314,36.12013985003768,52.707150552006006,36.65441617421353,53.03882217407234,604.2082085680872,75336
75337,37.32440041685088,53.10877544425027,37.00712325833893,52.78421611082903,37.630216257364,53.435815001461705,1922.0813618854968,75337
75339,36.96466129020855,53.062030528992416,36.255257236816114,52.388239575278305,37.630216257364,53.60409698313718,5903.101300545578,75339
75343,36.6529276302476,52.72605794731478,36.255257236816114,52.388239575278305,37.09862136270441,52.9490746692476,1462.4749360644516,75343
75348,35.791297794679274,53.34498614274141,35.47135555866159,53.14920702718487,36.12882257276762,53.52344065819243,966.027792182579,75348
75359,37.559891221364126,53.9551150950406,36.72093965328672,53.40821491083845,38.534608598182174,54.42084086216787,8298.372958221182,75359
75361,37.47981554085952,53.87029062381223,37.291479639595735,53.762448743736954,37.64750419058955,54.00727604516576,380.8928029746763,75361
75367,34.97660994613442,53.959070842999296,34.571657310892554,53.65364075990463,35.57483776381137,54.21388823584869,1869.3095994396983,75367
75368,35.230267931282455,53.696204689571516,34.57165731089256,53.09863205108152,36.09337734834747,54.213888235848714,7201.180573569767,75368
75382,34.906821880363125,54.793123132784594,33.210061525047955,54.13942222306576,36.77001174842371,55.51242828369189,15175.020134236116,75382
75387,36.14408868757321,54.869565671312245,35.99303229819933,54.81756522357213,36.28988829696949,54.91941533052563,167.33938443824397,75387
75388,36.76290645549649,54.71537567230415,36.401889218248535,54.57620751104416,37.10443359114718,54.85592050998288,872.4127726529117,75388
75389,36.08310221599637,55.224111638017874,35.418296585167546,54.88975457346941,36.71714184359597,55.52252725876954,3602.89257910774,75389
75394,38.49669306563138,54.47198828155427,37.76903152465821,54.21781005803105,39.09881645010758,54.80542754788107,3014.393761052296,75394
75395,35.39148515813464,55.69586316892318,35.17480987212781,55.46826247390112,35.61762506823447,55.87722955710645,751.3874423243243,75395
75409,35.52854182943691,55.580562586024236,35.38742709125409,55.498140335893304,35.67614974750314,55.644973661506576,147.43331469566346,75409
75415,35.83501398395049,55.71953938117108,35.5659032291264,55.604900501801865,36.15267933877332,55.87571225434938,480.6775087074958,75415
75421,36.05256363836995,55.91353706397541,35.91222948654166,55.87286022417789,36.17856635657859,55.952391682680044,89.49749787864938,75421
75427,36.749519244181194,56.019075590041794,36.31363566146908,55.6989216163246,37.24389258199873,56.28608057469104,1921.1435593872964,75427
75428,36.67314673896418,56.24051422116876,36.570244187381974,56.20000000000002,36.74895327797194,56.28608057469104,54.026352941832975,75428
75450,39.03692214472166,55.62305794076235,38.619608844925125,55.5060601312253,39.341691034422965,55.72242835730673,622.0241565197275,75450
75453,38.03310052524304,55.26974797447973,37.69774978449673,55.147073202198754,38.44001267863765,55.430736007271115,848.2546404146392,75453
75469,39.18116086983015,54.11322405673444,38.46703905791184,53.84450427192248,40.01116538334515,54.434494189704814,3794.9204708712628,75469
75480,40.36015475800707,55.76008495789741,40.1528991992018,55.53333333333337,40.57838154807062,55.98836978827037,1009.1357023668098,75480
75491,40.726848216384774,55.4115477352737,40.483647808099434,55.09368361058758,41.00738052683315,55.78092996075123,1637.4714848474462,75491
75499,43.988149484339736,53.900609631970546,43.0489404301599,52.99784964800343,45.02818830090372,54.84220347782066,15740.243735856084,75499
75500,43.50417776440445,54.14121342253295,42.04948603939395,52.99784964800343,45.02818830090372,55.1628414020494,28087.122382144356,75500
75501,43.92270608424396,53.22447088814648,43.443401298557546,52.99784964800343,44.3725583469313,53.497915747053305,2285.762624872195,75501
75511,43.18116437518934,53.585347418180575,43.04011501883,53.458496676652956,43.338458162590484,53.70309777132339,359.8232391596057,75511
75518,41.682464432528356,52.95534437745894,40.91166335421115,52.11120515275818,42.53198594634646,53.905036281755876,13645.097679601637,75518
75520,41.312682676044716,52.27033940410242,41.0806357493968,52.163224547906104,41.52258753588594,52.417,498.55125357618795,75520
75530,42.841964525272076,53.322286187588446,42.443646987177615,53.050880820202764,43.28966836199032,53.59071733985666,2212.60707648116,75530
75543,41.418571691846864,55.698726644101654,41.16331629497366,55.45464370447,41.73562594361294,55.92801273557836,1111.7188705672063,75543
75552,39.04257698282349,56.04790996117634,36.98389727273955,55.40409469604496,40.519898919482436,56.65640244284185,15119.989411233364,75552
75553,39.47995940688422,56.22082987522086,36.98389727273955,55.40409469604496,41.53956367798944,57.12816055783134,24263.020423931725,75553
75559,38.07082966271587,56.19095619330141,37.777603060559116,55.98337518424364,38.32740534876951,56.364241462901845,824.5761491961035,75559
75561,38.76181979097222,56.483451397639506,38.598087301371116,56.36700000000004,38.945338173874426,56.576346879270226,274.0176914116043,75561
75573,39.857868401344696,56.349995537771235,39.39966717751135,56.08956902465167,40.23753470081785,56.65640244284185,1374.4521903272844,75573
75576,39.604027532403606,56.79579284644786,38.71804810548304,56.466048901564214,40.544198619050135,57.12816055783134,4011.7239594578955,75576
75579,40.98901765361128,55.75433052682675,40.57694513216034,55.566311281907986,41.301011197532816,55.950000000000024,974.2018454673492,75579
75619,46.50675423840367,53.04995686453993,45.85657377063269,52.584855265121924,47.319878841703236,53.523780822907874,6429.812761886514,75619
75624,45.90140187104789,53.338408553145086,44.31257452154539,52.28018673639179,47.319878841703236,54.559310716776004,28390.19259160427,75624
75631,46.2612973561498,53.418537832899474,46.06931639230409,53.2830000001205,46.50585824561675,53.523780822907874,459.7797457965625,75631
75635,45.98698925028599,52.52412121130527,45.190701826740586,52.28018673639179,46.57186215670422,52.7989747574451,3167.2081876624507,75635
75643,47.068751549145404,53.90910921597552,46.51676050764098,53.38778378233452,47.62488203259721,54.261259597905344,3677.6347951787893,75643
75674,46.72657134270006,58.971870121013474,45.284568240266964,58.31386226513829,48.021304758278696,59.724628245339595,12681.16491430614,75674
75682,46.70550201288533,59.50384238771218,46.15411239319379,59.30388600273439,47.26936057745358,59.724628245339595,1917.798732406345,75682
75683,46.674040859020884,59.287149568105306,45.68599572710205,58.91363457623027,47.52091018052268,59.724628245339595,5196.216033693276,75683
75684,46.52377025659829,58.44896524258681,46.157731579406445,58.321108251508804,46.860202160452864,58.572364164577245,698.8618494770674,75684
75716,41.56281320496747,54.492287552821765,41.36946949034775,54.26487332913244,41.74361377450651,54.73463558079478,904.2344619837747,75716
76007,53.092503889368636,59.8239211799809,51.58414976830757,58.159980097186775,54.67941703938571,61.10690174549068,27415.278930067558,76007
76008,53.82714926367325,59.96697909798151,51.584149768307576,58.159980097186775,56.37806998493298,61.29030716686382,46185.637832353044,76008
76075,54.46031797933758,59.56302740004619,53.379917434744705,59.20993745107649,55.533762786208534,59.95272232568735,6244.764424769053,76075
76076,53.96530867640805,59.92576678201688,53.51325709752604,59.70689801214954,54.341302107795336,60.16866853707378,1612.9037588617186,76076
76089,57.7810949704261,60.740997304052435,56.121111623863314,59.50810692567116,59.50608875621232,61.969200937688186,30755.752808290836,76089
76130,57.82141718289171,59.425408663883864,57.02260795366101,58.894174880186526,58.67716577091849,59.85138393771606,5236.644885872354,76130
76139,54.195582690126464,59.017463551212145,53.7587547160286,58.73399357536904,54.65523910120653,59.286961119422735,2042.0833064729131,76139
76141,54.71118246693253,59.085996873032705,53.75875471602857,58.733993575369034,55.573718099816475,59.57876739589983,5194.387116809645,76141
76145,54.006986245401436,59.14536671210381,53.831939341887676,59.06640027284583,54.195525686382716,59.22212537746355,266.43031715739266,76145
76147,55.2475021472718,59.362328893125316,54.82258924468141,59.1833088002691,55.5737180998165,59.57876739589987,864.2325712791693,76147
76159,54.2886941544593,58.383255202624,53.72449980063038,57.95481496527575,55.04343465954739,58.82405862342212,4338.053987832522,76159
76180,59.539000433495175,57.24002068246755,58.60298879994335,56.10075475002587,60.42676734617592,58.41661032685382,10440.20475899476,76180
76190,58.96313060258124,57.89899031445201,57.23457703273627,56.100754750025885,60.42676734617589,59.25624445708279,21591.50384520722,76190
76253,56.27561331985998,57.85312031934715,56.061269638009854,57.74368320245488,56.43235245219381,58.00725489040945,342.17277226697985,76253
76255,54.73621784394875,57.862687628253084,54.28069770912604,57.64689619797424,55.16010525671383,58.042789683283765,1132.321042671176,76255
76256,55.63506204448661,56.793106294725426,54.97042489679805,56.57811340508485,56.287107783073665,56.96245735636049,1904.9005888407078,76256
76264,55.350135155822706,56.43246038450764,54.86116223653534,56.13285226554005,55.8886462870405,56.71325747006938,2769.5804701357156,76264
76270,58.67374528868007,54.32265119508286,58.21482664855219,54.04516374293515,59.08461437794197,54.56963434274015,1625.9233512889318,76270
76275,58.588011562411445,54.228474421485096,58.088211226474044,53.812395369842775,59.08461437794197,54.56963434274015,2322.233526231593,76275
76284,56.957736525083334,53.357324016535244,54.951868788251,52.64854451077533,59.08461437794201,54.56963434274015,20884.769916138182,76284
76289,57.59024176046853,54.89381310809215,54.951868788251,52.64854451077533,60.41407028965331,57.19260266718229,100145.09720310064,76289
76295,57.12170619360709,54.781110254224465,53.42403282501827,52.64854451077533,60.41407028965331,57.19260266718229,121182.09737255408,76295
76321,55.341538510203684,53.17049957697486,54.951868788251026,52.839342445159446,55.7554021400997,53.43964879781869,2013.3840710340867,76321
76324,55.49144454771026,53.51109502319035,55.14006417269496,53.38976346730988,55.90213134759582,53.64143435787278,649.3143274058918,76324
76325,56.38835078900461,53.32493704187859,56.276757047352476,53.24932546298031,56.56162710203075,53.38300024925882,148.06369642520005,76325
76355,55.49240329220003,54.01202737955753,55.0456516944716,53.505507477521164,56.084484033090845,54.48192836401611,3114.507306897946,76355
76360,59.93969151398915,55.95424479029021,59.43423744222311,55.50615993884564,60.41407028965331,56.34884853186148,3424.9930757542625,76360
76363,59.70132827837104,55.99451541178142,58.94648878017415,55.50615993884564,60.41407028965331,56.43009501250915,5543.748609438644,76363
76364,59.125554682121475,56.40581498341863,57.681999658304306,55.50615993884564,60.41407028965331,57.19260266718229,14118.856645475435,76364
76367,58.84488999205181,55.99674195021382,57.24005601400353,54.603097694164084,60.41407028965331,57.19260266718229,32247.340383328326,76367
76406,59.364812276835245,54.789900129779035,59.06943312094806,54.603097694164084,59.61628561439711,54.971952790384194,551.6347968957493,76406
76416,59.28401166905724,55.19770793690647,58.39287283699438,54.603097694164084,60.04921229126431,55.72489579052932,6346.461794190289,76416
76417,58.891370294355134,55.51328510071535,57.88480592196485,54.603097694164084,60.04921229126431,56.364290403826125,14095.756933950977,76417
76421,59.86758651187128,55.43756705988382,59.68750673715119,55.326760171365336,60.049212291264276,55.56213157971246,301.7477484858349,76421
76454,56.65378983786468,56.32216201718099,56.20222358279895,55.98420287692357,57.078348678325646,56.81176891822083,2183.8705912760292,76454
76456,57.163582411766,56.31904549721746,56.90032379375179,56.03015288553539,57.43164665025776,56.64744570470096,1298.164720550537,76456
76461,58.6699449774979,54.70045346027753,58.19798888065739,54.26614716117326,59.19565247351008,54.98976096856838,2428.3460200640534,76461
76462,58.410114366937144,54.803456578278855,57.833036987398415,54.26614716117326,59.19565247351008,55.31216576915527,4910.629085106139,76462
76466,58.19952063903037,55.02203038626975,57.23299814995085,54.26614716117326,59.19565247351008,55.760177181584965,7034.244747381046,76466
76470,58.8834608657546,54.574507455948904,58.75309958221904,54.52732452031956,59.04085508155778,54.61437672897298,123.85791244534522,76470
76486,54.65935432526646,53.769269378720374,53.424032825018266,52.95394356470885,55.72683244477704,54.78363884294848,12358.17258842295,76486
76489,54.87408123307014,53.663769590352715,54.64895938621937,53.540961817079115,55.12512209238714,53.78300010187171,557.5421933123914,76489
76490,54.636075260830744,54.74528943197438,54.23027038457225,54.199147150495264,55.1692431926314,55.18896851941744,3642.405629513086,76490
76494,56.20772545500013,56.60748555580984,55.97084805298968,56.434855109738514,56.393513209478925,56.75911747830036,649.8403931413147,76494
76495,55.99391963953516,56.16498522131196,55.32854300907395,55.66089621003383,56.55862923674976,56.75911747830036,4875.628458184307,76495
76499,54.352371997031966,55.1069942801273,54.13721839767678,54.890960534862735,54.52763114847753,55.35708908574677,808.8242125086443,76499
76500,53.85986624282791,55.12194736098327,53.32385073533373,54.6679979655264,54.328700456676955,55.57839948935205,4142.280918515053,76500
76504,53.47067565462189,56.889533805050135,53.24024921169808,56.71373710618701,53.78372918592669,57.04104672439583,752.9959670936616,76504
76512,53.52156608232648,54.3168316144689,52.52964369941739,53.536632669984,54.46165360928052,55.153926660368484,12181.684168549797,76512
76518,52.76210519829253,54.34180851464294,52.5296436994174,54.201246225155685,53.01356838920712,54.48561637563083,538.2594465397943,76518
76550,52.33159464633234,58.577424778035635,51.733162931005886,58.31855076278801,52.87628375614334,58.87798787855675,2403.2053359140286,76550
76556,51.528039026013,58.711299078907466,48.85743334074755,57.16918135112467,54.357908007350865,60.26639780039916,47861.77123396349,76556
76557,50.53051108574047,58.80750542191172,46.87819265248442,57.16918135112467,54.357908007350865,60.26639780039916,71699.83819682797,76557
76566,50.04960507168091,58.50945912257104,46.71472549241076,56.747694203914726,54.357908007350865,60.26639780039916,96778.57500729544,76566
76574,50.30049976378361,58.18238813946405,46.71472549241076,56.0164899252673,54.357908007350865,60.26639780039916,124503.43761972133,76574
76594,51.405137826188614,58.71522767136042,51.0524768416679,58.484707842467145,51.77605241410164,58.9521899959818,1135.2292148983279,76594
76596,53.53137369855119,57.63398200647648,52.51798936191261,57.169181351124685,54.357908007350936,58.23531779783518,5903.936916638461,76596
76597,53.35201199356516,57.78172378746018,52.475611358820984,57.169181351124685,54.357908007350915,58.39365221844433,9676.780821856546,76597
76601,52.983226814241256,57.37127778707832,52.653634657807544,57.169181351124685,53.415314522746556,57.55000002771404,1103.2385997304925,76601
76602,51.65989893002977,57.89706945814589,51.40378258069004,57.70585008817374,51.829854533988964,58.083121558061755,553.9187072618308,76602
76603,50.51829885241529,58.176144036154,50.33249006389053,58.05420901234016,50.69749771027544,58.299102787493645,352.4125595751986,76603
76611,49.075679668994695,59.15609198672805,48.56868813002551,58.75007019629643,49.76223371060227,59.54087250213458,3443.382109624378,76611
76614,49.55346286235631,58.16957805411741,48.868363359532154,57.807675818539444,50.44702528139671,58.48673184833419,3485.686453095897,76614
76619,47.69562669073845,59.65680107328712,46.87819265248444,59.15811133337062,48.96476133059062,60.17177290112205,6633.71108148286,76619
76620,47.87280795758853,59.41843107992326,46.87819265248444,58.655507183657704,48.96476133059062,60.17177290112209,10953.859286329993,76620
76627,50.19252738760959,57.818820266697195,49.61949899540716,57.46672511113259,50.82694510893984,58.084824941804804,2666.4151597534446,76627
76628,49.791450514235244,56.76685968346319,49.32890743439341,56.533337965946515,50.11898775666111,56.951962664309896,1334.5282689501105,76628
76634,51.74505787246811,57.15603705407555,50.45923640150374,56.18091190843264,52.85995972301408,57.890217483335036,16302.695442096863,76634
76638,52.27215533024564,56.75572482344951,51.79217137609949,56.18091190843264,52.85995972301408,57.27949090792372,4529.707508269399,76638
76640,52.504860794004905,56.916504589510645,52.224400480034724,56.66853569451193,52.85995972301408,57.17985704547138,1072.8037711158456,76640
76642,50.84409976308485,57.56277788208797,50.45923640150374,57.21666235622465,51.211949201011294,57.890217483335036,2255.8103251941507,76642
76648,56.82198186781057,56.78505823189458,56.07434996180267,56.45958882092408,57.28840646751603,57.111673956923724,2634.2831566692657,76648
76650,57.56330531879556,53.69838166527594,57.417511279062474,53.48212844703835,57.78472002607231,53.87146895372174,470.791560442553,76650
76655,50.97429228315084,59.89374849415726,49.897327700244325,59.530333041468296,51.859247757970316,60.26639780039916,4505.642847606035,76655
77112,47.06009277002493,55.6932602827206,46.46856764996941,55.28321343263374,47.68015926161392,56.099770091244196,4030.2170567320177,77112
77115,47.214545430386515,55.50782540061129,46.778405308759844,55.28321343263374,47.68015926161393,55.723004820617476,1178.0175498123867,77115
77116,47.30418164791781,57.19970722755067,46.87281539524973,56.91843692481271,47.835193896116216,57.50342690977395,2181.3231873844234,77116
77124,47.96566254886129,56.842055471867745,47.416363647741925,56.55102920593173,48.50338309022058,57.102106635899595,2683.532893441938,77124
77130,47.8223641724307,55.733265604780755,47.58134047220218,55.62930026942068,48.06090793747618,55.82856897727447,363.2455037575265,77130
77132,49.01593813185634,56.40848038591711,48.15343369987802,55.9873177306085,49.86661292202828,56.838825154949,5948.606162028217,77132
77140,47.85303420529657,53.873419850820895,47.30396682770789,53.49038706463794,48.396397574586125,54.250000000938684,3615.1287462433447,77140
77152,47.830306529156736,54.274943634599836,47.47282937907977,54.131334408375565,48.29999999465692,54.4220120109014,998.0258255827271,77152
77156,47.74052433886731,54.922904115127096,47.349125701288855,54.77633944354972,48.20372943609546,55.02366863962312,887.202172971724,77156
77164,47.335016983030684,55.24873742634239,46.984807013244094,55.089778640657556,47.76745561040622,55.401273467027615,906.3967989654388,77164
77166,50.02532036619426,56.181254137244636,49.75056514380246,56.03557488773403,50.348766502551655,56.2987720425871,648.2438744270275,77166
77179,51.94372449003381,54.662440917487565,51.260861040202116,54.27980953878577,52.56876081858391,55.07192179131336,3041.4507239044515,77179
77189,51.73744158243998,55.05352212114819,51.28971906085617,54.74892374832783,52.284795900761175,55.289183927495685,1296.7543341931937,77189
77193,50.85334586684605,55.71573981502306,50.63139847670563,55.56356734546192,51.078902758024284,55.842839579763314,440.25796554298313,77193
77197,50.209621951525314,55.9016250885225,49.48499154479147,55.64323107496127,50.853264452531,56.23266726005302,3204.6809628091078,77197
77201,49.919875793900566,54.965768250030784,49.663208687857086,54.820116539676114,50.154670386505536,55.117195702719314,671.7796181721193,77201
77209,49.23145465705859,54.44868594223326,49.06271666005382,54.333590647573075,49.40898005201677,54.56700000196093,275.6552730052601,77209
77210,48.464766429327696,53.97417806095112,48.325001303694584,53.88031709447124,48.61987958242786,54.0649582734739,284.438592398359,77210
77212,50.97179203990125,54.56394142781499,50.08597880916594,53.99099557151157,52.09543561727783,55.028461942134065,6084.363405041984,77212
77217,50.59539045795604,55.04641940343594,50.10027398474495,54.88855797187091,51.00082048236897,55.21537355531447,1137.3678144902244,77217
77223,48.3439230009862,53.633232415465436,47.914074416431234,53.394551612791986,48.758204950361396,53.902534766035174,1893.7496401825238,77223
77231,51.76496947607651,54.03863861208787,51.018422595827104,53.572918395509944,52.76215989441255,54.378664212039425,4761.738696339215,77231
77242,50.93447283492295,54.2151612396649,50.45182119038375,53.91050267720513,51.60778321543921,54.45078519898376,2349.069423160275,77242
77245,54.0478889173686,52.04545643907347,53.43774590026181,51.85371161468314,54.596343731170265,52.281469710383384,2149.7749425106076,77245
77250,53.22585765960939,52.48663365841044,51.388995125838214,51.85371161468318,54.907199613788826,53.098584477359,22601.65222479757,77250
77260,53.96127248950811,52.54202077740539,53.36377070545539,52.32233166790375,54.68037338891545,52.76366782815999,1392.8667263154334,77260
77266,53.86459025187108,52.7992193501266,52.63299989960161,52.36798281651348,54.907199613788826,53.098584477359,5438.983071718799,77266
77270,52.06832569750244,52.300129077008044,51.38899512583823,52.01503015932585,53.22597591226487,52.66700002266939,4057.6253477997925,77270
77276,51.97668124041865,53.080375936967826,51.882999937176024,53.02450622452335,52.07147187370088,53.133387995053525,106.78829123876137,77276
77285,53.76801771938063,53.23068426752231,53.46137467188485,53.082106047280845,54.104996177931916,53.40395195569581,908.7684381773067,77285
77292,52.60977810023618,53.54187798057943,51.17065756540966,53.01847858934336,54.104996177931916,54.136594291485515,11638.581129977745,77292
77298,52.44193012801548,53.34630389928797,51.70960699319071,53.169753486725924,53.29883250270128,53.524804061475095,2041.6077346029413,77298
77311,50.82364309601937,52.577671229808935,50.454089324386196,52.305070125810495,51.43084782927772,52.841204501558,1447.5421999856862,77311
77327,48.28272833268308,53.2657971033314,48.10093872194815,53.15328336762646,48.548186380521344,53.40040483395214,311.65410638961254,77327
77329,47.47072481608053,53.27161620423116,46.84870912319731,52.91159334463323,48.150918464796895,53.61619524264872,4484.053903168892,77329
77336,49.37296562290253,52.6210436650562,48.74999999563992,52.38981196863791,49.948754359710904,52.846950533827275,2610.1446396879533,77336
77340,51.23145526558369,52.12684974865924,50.98071292313835,51.98829733507791,51.488290424007225,52.25107930555282,570.0292798437524,77340
77362,47.02800559507736,51.307669974537525,46.316232110772724,51.005138534014804,47.69976951498998,51.589595665271204,3215.1921413871173,77362
77370,46.71000977433995,52.24488207460864,46.5332962987639,52.12609489450548,46.86950905987486,52.378828567817486,373.76510942507554,77370
77397,52.02395825859934,53.224082941248206,51.665917086448744,53.127549884180254,52.48589856916476,53.31265904260853,615.0370061339877,77397
77409,47.349122772901815,52.522931606603315,46.46217270834331,51.88034628442169,48.31175073154089,53.047015543446776,8306.938538662806,77409
78004,38.069606083623995,52.72638258837423,36.342776349703115,51.51785638710828,39.5651280389921,54.05174886147773,31344.04392993054,78004
78011,38.86568422188647,52.37061810524492,36.34277634970313,50.43105376100676,41.147052971065605,54.05174886147775,69183.47884403262,78011
78013,39.32648169654273,51.84754136293909,36.34277634970313,49.556398096107564,41.649955909749806,54.05174886147775,102055.3629618989,78013
78017,41.30488423865457,51.585602798956806,36.343261855235994,49.38123171276211,46.27755482461813,54.05175147310699,204699.83828248328,78017
78050,37.90292003945833,53.19807210963321,37.52861434473572,52.72737830589364,38.36616049595763,53.601367207847176,3189.1659242849814,78050
78053,37.11570372738907,52.317373051102294,36.34277634970312,51.545527544075796,37.804905219624686,53.07054166395391,7547.62556164756,78053
78054,37.576285279289884,52.248783700314455,36.34277634970313,51.51785638710831,38.69034730196262,53.07054166395391,16327.783397517616,78054
78078,38.63433931708148,51.522738003704056,38.19919425191134,51.35853705821867,39.00375361555518,51.69898032330065,1424.008580093677,78078
78082,40.26867056565793,52.83784070846749,39.1812644080576,51.86568986894493,41.14705297106554,53.71299886982697,15225.210257314091,78082
78092,40.658464311674265,53.27820709761681,40.406092285266794,52.879530486255256,41.0186422999228,53.71299886982697,2024.5512065854064,78092
78106,38.30385242878934,50.70201387582725,37.890285623743786,50.43105376100671,38.74608102920929,50.96818776766086,2095.2454959424667,78106
78109,41.047022332535875,52.153604844149996,40.75153562850263,51.995142572099965,41.388521072772136,52.368087693420385,929.3868328973721,78109
78111,40.630772964028836,51.62626260932779,40.00266181148465,50.838108070610865,41.388521072772136,52.368087693420385,7724.459903362639,78111
78130,41.34244353961786,50.591586891470435,41.016514637315986,50.339238900605594,41.649955909749806,50.84174866482318,1756.4256641125119,78130
78132,41.54016168171366,50.1206536553619,41.33437332546431,49.96743240167714,41.7478114505407,50.26163834388487,575.116321890888,78132
78135,44.51313149129513,52.89056658303069,44.23841921565213,52.68300000000012,44.880400837736104,53.11947304983854,1071.9730165703927,78135
78138,44.09940693996724,52.32464633431112,43.02675164381506,51.47725121500479,45.190701826782046,53.11947304983854,14415.22917274125,78138
78141,43.7898796565935,52.171245510725946,42.140514235856735,51.05688948918111,45.190701826782046,53.11947304983854,19208.901804613262,78141
78144,42.88673022072512,52.04339496260521,40.874734788121614,50.68301275434954,45.190701826782046,53.351936683088915,45033.75198422918,78144
78146,42.84915688813813,51.750194378156436,40.874734788121614,50.02893397978171,45.190701826782046,53.351936683088915,57353.55615303308,78146
78160,42.946849058673614,51.945979834950016,42.59113026619518,51.58460465140921,43.371720460314414,52.302591532678186,2669.501151521172,78160
78163,43.225433173775365,52.90649516904232,42.34438871707338,52.54404951248906,44.110330874609765,53.35193668308889,5569.036652564493,78163
78165,42.78606983082294,52.45104588216672,41.96931467110782,51.34932722210256,44.110330874609765,53.351936683088915,13274.972633314042,78165
78173,41.68481052443095,52.03029193519524,41.220690973597215,51.83300000000002,42.048268273154314,52.32332242208891,1792.5440686945647,78173
78182,43.4174433884827,50.74670332542006,42.84852407437637,50.38910660135243,44.09762726471429,51.11319316565715,3249.0501657558602,78182
78188,42.79659315748104,51.16256458804952,42.487837583725344,50.93775040554128,43.19326863487747,51.454195462015946,1308.9361103298352,78188
78191,42.80887129586455,50.194635957361555,42.54172364366418,49.997302387979296,43.14438014081839,50.406768277143954,1224.1521523932613,78191
78196,45.16412136400408,51.93648148532961,44.23877056531062,51.48083067694019,46.27707424776008,52.474774388437474,7624.587299116005,78196
78202,44.465896208197144,51.08260994462666,42.8781012349947,49.65132273174636,46.27707424776008,52.474774388437474,33680.914634050976,78202
78205,44.66731051993886,51.963319591729466,44.23877056531062,51.83094963384453,45.03208187477333,52.11507299422784,961.2969944744603,78205
78218,43.90039543340728,51.2784106982128,43.49168152948302,50.94389445162225,44.42512152567812,51.60663520743539,2812.6041670608565,78218
78224,43.76037696863624,49.819697647969555,43.1052042566191,49.65132273174636,44.381088779925975,50.028513083658716,1782.6165239091997,78224
78229,44.89533565595428,50.15758411422035,44.148395646275496,49.57120832293385,45.70334196634777,50.831977787695806,6531.11285062881,78229
78231,44.77285787952272,49.989164629738355,43.8167581117352,49.271203690669196,45.70334196634777,50.831977787695756,8802.969162573818,78231
78234,44.421033908705915,49.2178855745029,44.070502409993985,49.09551185562904,44.70390544106402,49.347804882494955,758.6624120811339,78234
78235,44.29844792402091,49.010375150060305,44.038787712195145,48.86456130200265,44.56509747329211,49.17802240913952,914.8128077162902,78235
78252,42.23810925901919,49.13173678935565,41.04442361002079,48.45803904292495,43.26784462071658,49.565121540990255,8477.265247213885,78252
78261,43.88209384595186,47.951106800948864,43.34448429196239,47.718331431718376,44.35463913410419,48.241884728612675,2349.323980252847,78261
78275,36.80572588285212,50.910545932533445,36.613428836715855,50.721043693966244,37.094027608052315,51.051720444031936,743.7789046878792,78275
78345,37.25226539053282,50.648745526776175,36.90082168579103,50.34064441892539,37.67630097572128,51.12722604188821,2074.308159444306,78345
78391,37.59506548297191,51.48300798674519,37.13213068596112,51.29260201238137,38.04002185626675,51.6339330834709,1615.7976586690293,78391
78394,37.85818279042442,50.968348271424574,37.13213068596112,50.14007156179117,38.66994853202882,51.63393308347088,8706.00120900817,78394
78410,38.342318971476416,50.3554589187131,38.030779743395485,50.15904569443294,38.66994853202883,50.57518366680513,1326.252473987776,78410
78434,36.41113802756438,50.645899374704875,36.26645056991295,50.55103973997293,36.57266897526549,50.76874823759336,267.2648231993097,78434
78499,40.38990740652567,48.71014038361393,40.17567273394329,48.451291424064074,40.63759054112047,49.02764768892571,1133.5705864814402,78499
78501,40.27298872368235,49.418221460409114,40.02362968665041,49.15296194377135,40.511474439999496,49.633753616045944,1121.5571904542253,78501
78504,41.00005052413088,48.99894343113784,40.02362968665042,48.18384549621773,42.028085582998834,49.633753616045944,10461.77008864646,78504
78507,41.17473191420023,49.22587750454601,40.92047760058269,49.03051362736391,41.586395226792085,49.386409811768324,1021.5759038764035,78507
78509,41.35960737701572,48.966054365388096,41.027489585449764,48.69969984180299,41.76712096004162,49.24562563645704,1860.3025947771366,78509
78510,41.69066033620369,48.80197490614258,41.32395471008847,48.585573019016266,42.028085582998834,49.03558498797187,1260.4904491199215,78510
78515,41.634322383813114,48.3913844715446,41.01639628929975,48.103577520818384,42.132620334578654,48.72864104871113,3389.42273356835,78515
78519,39.97349117138586,47.9526950771424,39.596521831318725,47.82530160862129,40.32811096988144,48.08875260712705,1095.8943083506142,78519
78563,39.44878970505566,47.70575793693312,39.09925286192942,47.421887131355255,39.780428032048825,48.01983381038701,1882.8378894831535,78563
78611,40.53287593688162,52.37158876763074,40.14559183792092,51.86568986894493,41.04451508691053,52.709222525401465,2581.740636465959,78611
78620,43.998130597244234,51.50922411148888,43.8419584891052,51.39341906297169,44.12694570636402,51.60663520743542,269.7769774158204,78620
79001,33.697869163864766,55.794442617028466,33.48862750634467,55.72924267529665,33.878355616310344,55.874977045336834,267.89759443734437,79001
79006,33.68923040753154,55.268857879500544,33.017305290577234,54.70852710165221,34.47363658855251,55.8749770453368,6397.837251080924,79006
79011,33.15647666454088,55.1519513482718,31.980403051280675,54.50336790731798,34.47363658855251,55.8749770453368,14035.746166691257,79011
79062,32.92955568188177,55.472491739245825,32.32445590368635,55.22274780276196,33.38380444105851,55.72084632699802,1705.528418652353,79062
79244,32.35274516703868,54.37282117063787,31.86477931911716,54.020773178103326,32.93778982812359,54.73305030357151,2583.9878539612305,79244
79261,32.7182385665668,54.43311563395252,32.49685052855099,54.29354294562393,32.93778982812359,54.56374279667316,514.9157280403996,79261
80118,33.94429404182166,53.92802190480041,32.838542307862845,53.213491195848846,34.855564857535875,54.62125488250474,12420.901906707675,80118
